Command line invocation:
    /Applications/Xcode_26.6.app/Contents/Developer/usr/bin/xcodebuild -project FilmMeter.xcodeproj -scheme FilmMeter -configuration Release -destination generic/platform=iOS -archivePath build/FilmMeter.xcarchive archive PRODUCT_BUNDLE_IDENTIFIER=com.colinmortimer.filmmeter MARKETING_VERSION=0.1.1 CURRENT_PROJECT_VERSION=1 CODE_SIGNING_ALLOWED=NO CODE_SIGNING_REQUIRED=NO

Build settings from command line:
    CODE_SIGNING_ALLOWED = NO
    CODE_SIGNING_REQUIRED = NO
    CURRENT_PROJECT_VERSION = 1
    MARKETING_VERSION = 0.1.1
    PRODUCT_BUNDLE_IDENTIFIER = com.colinmortimer.filmmeter

2026-09-27 22:57:24.707 xcodebuild[1448:7588] [MT] IDERunDestination: Supported platforms for the buildables in the current scheme is empty.
ComputePackagePrebuildTargetDependencyGraph

Prepare packages

CreateBuildRequest

SendProjectDescription

CreateBuildOperation

ComputeTargetDependencyGraph
note: Building targets in dependency order
note: Target dependency graph (1 target)
    Target 'FilmMeter' in project 'FilmMeter' (no dependencies)

GatherProvisioningInputs

CreateBuildDescription

ExecuteExternalTool /Applications/Xcode_26.6.app/Contents/Developer/usr/bin/actool --print-asset-tag-combinations --output-format xml1 /Users/runner/work/film-meter/film-meter/FilmMeter/Resources/Assets.xcassets

ExecuteExternalTool /Applications/Xcode_26.6.app/Contents/Developer/Toolchains/XcodeDefault.xctoolchain/usr/bin/clang -v -E -dM -isysroot /Applications/Xcode_26.6.app/Contents/Developer/Platforms/iPhoneOS.platform/Developer/SDKs/iPhoneOS26.5.sdk -x c -c /dev/null

ExecuteExternalTool /Applications/Xcode_26.6.app/Contents/Developer/usr/bin/actool --version --output-format xml1

ExecuteExternalTool /Applications/Xcode_26.6.app/Contents/Developer/Toolchains/XcodeDefault.xctoolchain/usr/bin/swiftc --version

ExecuteExternalTool /Applications/Xcode_26.6.app/Contents/Developer/Toolchains/XcodeDefault.xctoolchain/usr/bin/ld -version_details

Build description signature: a22c3b67494ad9f46b51cc27b3de44af
Build description path: /Users/runner/Library/Developer/Xcode/DerivedData/FilmMeter-arjxhmqgczlacvdawintoisuufie/Build/Intermediates.noindex/ArchiveIntermediates/FilmMeter/IntermediateBuildFilesPath/XCBuildData/a22c3b67494ad9f46b51cc27b3de44af.xcbuilddata
CreateBuildDirectory /Users/runner/Library/Developer/Xcode/DerivedData/FilmMeter-arjxhmqgczlacvdawintoisuufie/Build/Intermediates.noindex/ArchiveIntermediates/FilmMeter/IntermediateBuildFilesPath
    cd /Users/runner/work/film-meter/film-meter/FilmMeter.xcodeproj
    builtin-create-build-directory /Users/runner/Library/Developer/Xcode/DerivedData/FilmMeter-arjxhmqgczlacvdawintoisuufie/Build/Intermediates.noindex/ArchiveIntermediates/FilmMeter/IntermediateBuildFilesPath

CreateBuildDirectory /Users/runner/Library/Developer/Xcode/DerivedData/FilmMeter-arjxhmqgczlacvdawintoisuufie/Build/Intermediates.noindex/ArchiveIntermediates/FilmMeter/InstallationBuildProductsLocation
    cd /Users/runner/work/film-meter/film-meter/FilmMeter.xcodeproj
    builtin-create-build-directory /Users/runner/Library/Developer/Xcode/DerivedData/FilmMeter-arjxhmqgczlacvdawintoisuufie/Build/Intermediates.noindex/ArchiveIntermediates/FilmMeter/InstallationBuildProductsLocation

CreateBuildDirectory /Users/runner/Library/Developer/Xcode/DerivedData/FilmMeter-arjxhmqgczlacvdawintoisuufie/Build/Intermediates.noindex/ArchiveIntermediates/FilmMeter/BuildProductsPath
    cd /Users/runner/work/film-meter/film-meter/FilmMeter.xcodeproj
    builtin-create-build-directory /Users/runner/Library/Developer/Xcode/DerivedData/FilmMeter-arjxhmqgczlacvdawintoisuufie/Build/Intermediates.noindex/ArchiveIntermediates/FilmMeter/BuildProductsPath

ClangStatCache /Applications/Xcode_26.6.app/Contents/Developer/Toolchains/XcodeDefault.xctoolchain/usr/bin/clang-stat-cache /Applications/Xcode_26.6.app/Contents/Developer/Platforms/iPhoneOS.platform/Developer/SDKs/iPhoneOS26.5.sdk /Users/runner/Library/Developer/Xcode/DerivedData/SDKStatCaches.noindex/iphoneos26.5-23F81a-688ef53f1462e2c8f657fdc38a81448fee66e23052a0157c865c76b268046726.sdkstatcache
    cd /Users/runner/work/film-meter/film-meter/FilmMeter.xcodeproj
    /Applications/Xcode_26.6.app/Contents/Developer/Toolchains/XcodeDefault.xctoolchain/usr/bin/clang-stat-cache /Applications/Xcode_26.6.app/Contents/Developer/Platforms/iPhoneOS.platform/Developer/SDKs/iPhoneOS26.5.sdk -o /Users/runner/Library/Developer/Xcode/DerivedData/SDKStatCaches.noindex/iphoneos26.5-23F81a-688ef53f1462e2c8f657fdc38a81448fee66e23052a0157c865c76b268046726.sdkstatcache

CreateBuildDirectory /Users/runner/Library/Developer/Xcode/DerivedData/FilmMeter-arjxhmqgczlacvdawintoisuufie/Build/Intermediates.noindex/ArchiveIntermediates/FilmMeter/IntermediateBuildFilesPath/SwiftExplicitPrecompiledModules
    cd /Users/runner/work/film-meter/film-meter/FilmMeter.xcodeproj
    builtin-create-build-directory /Users/runner/Library/Developer/Xcode/DerivedData/FilmMeter-arjxhmqgczlacvdawintoisuufie/Build/Intermediates.noindex/ArchiveIntermediates/FilmMeter/IntermediateBuildFilesPath/SwiftExplicitPrecompiledModules

WriteAuxiliaryFile /Users/runner/Library/Developer/Xcode/DerivedData/FilmMeter-arjxhmqgczlacvdawintoisuufie/Build/Intermediates.noindex/ArchiveIntermediates/FilmMeter/IntermediateBuildFilesPath/FilmMeter.build/Release-iphoneos/FilmMeter-7ca9f31c4954bc2d53ed960bb6d45cb4-VFS-iphoneos/all-product-headers.yaml
    cd /Users/runner/work/film-meter/film-meter/FilmMeter.xcodeproj
    write-file /Users/runner/Library/Developer/Xcode/DerivedData/FilmMeter-arjxhmqgczlacvdawintoisuufie/Build/Intermediates.noindex/ArchiveIntermediates/FilmMeter/IntermediateBuildFilesPath/FilmMeter.build/Release-iphoneos/FilmMeter-7ca9f31c4954bc2d53ed960bb6d45cb4-VFS-iphoneos/all-product-headers.yaml

CreateBuildDirectory /Users/runner/Library/Developer/Xcode/DerivedData/FilmMeter-arjxhmqgczlacvdawintoisuufie/Build/Intermediates.noindex/ArchiveIntermediates/FilmMeter/IntermediateBuildFilesPath/ExplicitPrecompiledModules
    cd /Users/runner/work/film-meter/film-meter/FilmMeter.xcodeproj
    builtin-create-build-directory /Users/runner/Library/Developer/Xcode/DerivedData/FilmMeter-arjxhmqgczlacvdawintoisuufie/Build/Intermediates.noindex/ArchiveIntermediates/FilmMeter/IntermediateBuildFilesPath/ExplicitPrecompiledModules

CreateBuildDirectory /Users/runner/Library/Developer/Xcode/DerivedData/FilmMeter-arjxhmqgczlacvdawintoisuufie/Build/Intermediates.noindex/ArchiveIntermediates/FilmMeter/IntermediateBuildFilesPath/EagerLinkingTBDs/Release-iphoneos
    cd /Users/runner/work/film-meter/film-meter/FilmMeter.xcodeproj
    builtin-create-build-directory /Users/runner/Library/Developer/Xcode/DerivedData/FilmMeter-arjxhmqgczlacvdawintoisuufie/Build/Intermediates.noindex/ArchiveIntermediates/FilmMeter/IntermediateBuildFilesPath/EagerLinkingTBDs/Release-iphoneos

CreateBuildDirectory /Users/runner/Library/Developer/Xcode/DerivedData/FilmMeter-arjxhmqgczlacvdawintoisuufie/Build/Intermediates.noindex/ArchiveIntermediates/FilmMeter/BuildProductsPath/Release-iphoneos
    cd /Users/runner/work/film-meter/film-meter/FilmMeter.xcodeproj
    builtin-create-build-directory /Users/runner/Library/Developer/Xcode/DerivedData/FilmMeter-arjxhmqgczlacvdawintoisuufie/Build/Intermediates.noindex/ArchiveIntermediates/FilmMeter/BuildProductsPath/Release-iphoneos

WriteAuxiliaryFile /Users/runner/Library/Developer/Xcode/DerivedData/FilmMeter-arjxhmqgczlacvdawintoisuufie/Build/Intermediates.noindex/ArchiveIntermediates/FilmMeter/IntermediateBuildFilesPath/FilmMeter.build/Release-iphoneos/FilmMeter.build/Objects-normal/arm64/FilmMeter_const_extract_protocols.json (in target 'FilmMeter' from project 'FilmMeter')
    cd /Users/runner/work/film-meter/film-meter
    write-file /Users/runner/Library/Developer/Xcode/DerivedData/FilmMeter-arjxhmqgczlacvdawintoisuufie/Build/Intermediates.noindex/ArchiveIntermediates/FilmMeter/IntermediateBuildFilesPath/FilmMeter.build/Release-iphoneos/FilmMeter.build/Objects-normal/arm64/FilmMeter_const_extract_protocols.json

WriteAuxiliaryFile /Users/runner/Library/Developer/Xcode/DerivedData/FilmMeter-arjxhmqgczlacvdawintoisuufie/Build/Intermediates.noindex/ArchiveIntermediates/FilmMeter/IntermediateBuildFilesPath/FilmMeter.build/Release-iphoneos/FilmMeter.build/Objects-normal/arm64/FilmMeter.SwiftFileList (in target 'FilmMeter' from project 'FilmMeter')
    cd /Users/runner/work/film-meter/film-meter
    write-file /Users/runner/Library/Developer/Xcode/DerivedData/FilmMeter-arjxhmqgczlacvdawintoisuufie/Build/Intermediates.noindex/ArchiveIntermediates/FilmMeter/IntermediateBuildFilesPath/FilmMeter.build/Release-iphoneos/FilmMeter.build/Objects-normal/arm64/FilmMeter.SwiftFileList

WriteAuxiliaryFile /Users/runner/Library/Developer/Xcode/DerivedData/FilmMeter-arjxhmqgczlacvdawintoisuufie/Build/Intermediates.noindex/ArchiveIntermediates/FilmMeter/IntermediateBuildFilesPath/FilmMeter.build/Release-iphoneos/FilmMeter.build/Objects-normal/arm64/FilmMeter.SwiftConstValuesFileList (in target 'FilmMeter' from project 'FilmMeter')
    cd /Users/runner/work/film-meter/film-meter
    write-file /Users/runner/Library/Developer/Xcode/DerivedData/FilmMeter-arjxhmqgczlacvdawintoisuufie/Build/Intermediates.noindex/ArchiveIntermediates/FilmMeter/IntermediateBuildFilesPath/FilmMeter.build/Release-iphoneos/FilmMeter.build/Objects-normal/arm64/FilmMeter.SwiftConstValuesFileList

WriteAuxiliaryFile /Users/runner/Library/Developer/Xcode/DerivedData/FilmMeter-arjxhmqgczlacvdawintoisuufie/Build/Intermediates.noindex/ArchiveIntermediates/FilmMeter/IntermediateBuildFilesPath/FilmMeter.build/Release-iphoneos/FilmMeter.build/Objects-normal/arm64/FilmMeter.LinkFileList (in target 'FilmMeter' from project 'FilmMeter')
    cd /Users/runner/work/film-meter/film-meter
    write-file /Users/runner/Library/Developer/Xcode/DerivedData/FilmMeter-arjxhmqgczlacvdawintoisuufie/Build/Intermediates.noindex/ArchiveIntermediates/FilmMeter/IntermediateBuildFilesPath/FilmMeter.build/Release-iphoneos/FilmMeter.build/Objects-normal/arm64/FilmMeter.LinkFileList

WriteAuxiliaryFile /Users/runner/Library/Developer/Xcode/DerivedData/FilmMeter-arjxhmqgczlacvdawintoisuufie/Build/Intermediates.noindex/ArchiveIntermediates/FilmMeter/IntermediateBuildFilesPath/FilmMeter.build/Release-iphoneos/FilmMeter.build/Objects-normal/arm64/FilmMeter-OutputFileMap.json (in target 'FilmMeter' from project 'FilmMeter')
    cd /Users/runner/work/film-meter/film-meter
    write-file /Users/runner/Library/Developer/Xcode/DerivedData/FilmMeter-arjxhmqgczlacvdawintoisuufie/Build/Intermediates.noindex/ArchiveIntermediates/FilmMeter/IntermediateBuildFilesPath/FilmMeter.build/Release-iphoneos/FilmMeter.build/Objects-normal/arm64/FilmMeter-OutputFileMap.json

WriteAuxiliaryFile /Users/runner/Library/Developer/Xcode/DerivedData/FilmMeter-arjxhmqgczlacvdawintoisuufie/Build/Intermediates.noindex/ArchiveIntermediates/FilmMeter/IntermediateBuildFilesPath/FilmMeter.build/Release-iphoneos/FilmMeter.build/FilmMeter.hmap (in target 'FilmMeter' from project 'FilmMeter')
    cd /Users/runner/work/film-meter/film-meter
    write-file /Users/runner/Library/Developer/Xcode/DerivedData/FilmMeter-arjxhmqgczlacvdawintoisuufie/Build/Intermediates.noindex/ArchiveIntermediates/FilmMeter/IntermediateBuildFilesPath/FilmMeter.build/Release-iphoneos/FilmMeter.build/FilmMeter.hmap

WriteAuxiliaryFile /Users/runner/Library/Developer/Xcode/DerivedData/FilmMeter-arjxhmqgczlacvdawintoisuufie/Build/Intermediates.noindex/ArchiveIntermediates/FilmMeter/IntermediateBuildFilesPath/FilmMeter.build/Release-iphoneos/FilmMeter.build/FilmMeter.DependencyStaticMetadataFileList (in target 'FilmMeter' from project 'FilmMeter')
    cd /Users/runner/work/film-meter/film-meter
    write-file /Users/runner/Library/Developer/Xcode/DerivedData/FilmMeter-arjxhmqgczlacvdawintoisuufie/Build/Intermediates.noindex/ArchiveIntermediates/FilmMeter/IntermediateBuildFilesPath/FilmMeter.build/Release-iphoneos/FilmMeter.build/FilmMeter.DependencyStaticMetadataFileList

WriteAuxiliaryFile /Users/runner/Library/Developer/Xcode/DerivedData/FilmMeter-arjxhmqgczlacvdawintoisuufie/Build/Intermediates.noindex/ArchiveIntermediates/FilmMeter/IntermediateBuildFilesPath/FilmMeter.build/Release-iphoneos/FilmMeter.build/FilmMeter.DependencyMetadataFileList (in target 'FilmMeter' from project 'FilmMeter')
    cd /Users/runner/work/film-meter/film-meter
    write-file /Users/runner/Library/Developer/Xcode/DerivedData/FilmMeter-arjxhmqgczlacvdawintoisuufie/Build/Intermediates.noindex/ArchiveIntermediates/FilmMeter/IntermediateBuildFilesPath/FilmMeter.build/Release-iphoneos/FilmMeter.build/FilmMeter.DependencyMetadataFileList

WriteAuxiliaryFile /Users/runner/Library/Developer/Xcode/DerivedData/FilmMeter-arjxhmqgczlacvdawintoisuufie/Build/Intermediates.noindex/ArchiveIntermediates/FilmMeter/IntermediateBuildFilesPath/FilmMeter.build/Release-iphoneos/FilmMeter.build/FilmMeter-project-headers.hmap (in target 'FilmMeter' from project 'FilmMeter')
    cd /Users/runner/work/film-meter/film-meter
    write-file /Users/runner/Library/Developer/Xcode/DerivedData/FilmMeter-arjxhmqgczlacvdawintoisuufie/Build/Intermediates.noindex/ArchiveIntermediates/FilmMeter/IntermediateBuildFilesPath/FilmMeter.build/Release-iphoneos/FilmMeter.build/FilmMeter-project-headers.hmap

WriteAuxiliaryFile /Users/runner/Library/Developer/Xcode/DerivedData/FilmMeter-arjxhmqgczlacvdawintoisuufie/Build/Intermediates.noindex/ArchiveIntermediates/FilmMeter/IntermediateBuildFilesPath/FilmMeter.build/Release-iphoneos/FilmMeter.build/FilmMeter-own-target-headers.hmap (in target 'FilmMeter' from project 'FilmMeter')
    cd /Users/runner/work/film-meter/film-meter
    write-file /Users/runner/Library/Developer/Xcode/DerivedData/FilmMeter-arjxhmqgczlacvdawintoisuufie/Build/Intermediates.noindex/ArchiveIntermediates/FilmMeter/IntermediateBuildFilesPath/FilmMeter.build/Release-iphoneos/FilmMeter.build/FilmMeter-own-target-headers.hmap

WriteAuxiliaryFile /Users/runner/Library/Developer/Xcode/DerivedData/FilmMeter-arjxhmqgczlacvdawintoisuufie/Build/Intermediates.noindex/ArchiveIntermediates/FilmMeter/IntermediateBuildFilesPath/FilmMeter.build/Release-iphoneos/FilmMeter.build/FilmMeter-generated-files.hmap (in target 'FilmMeter' from project 'FilmMeter')
    cd /Users/runner/work/film-meter/film-meter
    write-file /Users/runner/Library/Developer/Xcode/DerivedData/FilmMeter-arjxhmqgczlacvdawintoisuufie/Build/Intermediates.noindex/ArchiveIntermediates/FilmMeter/IntermediateBuildFilesPath/FilmMeter.build/Release-iphoneos/FilmMeter.build/FilmMeter-generated-files.hmap

WriteAuxiliaryFile /Users/runner/Library/Developer/Xcode/DerivedData/FilmMeter-arjxhmqgczlacvdawintoisuufie/Build/Intermediates.noindex/ArchiveIntermediates/FilmMeter/IntermediateBuildFilesPath/FilmMeter.build/Release-iphoneos/FilmMeter.build/FilmMeter-all-target-headers.hmap (in target 'FilmMeter' from project 'FilmMeter')
    cd /Users/runner/work/film-meter/film-meter
    write-file /Users/runner/Library/Developer/Xcode/DerivedData/FilmMeter-arjxhmqgczlacvdawintoisuufie/Build/Intermediates.noindex/ArchiveIntermediates/FilmMeter/IntermediateBuildFilesPath/FilmMeter.build/Release-iphoneos/FilmMeter.build/FilmMeter-all-target-headers.hmap

WriteAuxiliaryFile /Users/runner/Library/Developer/Xcode/DerivedData/FilmMeter-arjxhmqgczlacvdawintoisuufie/Build/Intermediates.noindex/ArchiveIntermediates/FilmMeter/IntermediateBuildFilesPath/FilmMeter.build/Release-iphoneos/FilmMeter.build/FilmMeter-all-non-framework-target-headers.hmap (in target 'FilmMeter' from project 'FilmMeter')
    cd /Users/runner/work/film-meter/film-meter
    write-file /Users/runner/Library/Developer/Xcode/DerivedData/FilmMeter-arjxhmqgczlacvdawintoisuufie/Build/Intermediates.noindex/ArchiveIntermediates/FilmMeter/IntermediateBuildFilesPath/FilmMeter.build/Release-iphoneos/FilmMeter.build/FilmMeter-all-non-framework-target-headers.hmap

SymLink /Users/runner/Library/Developer/Xcode/DerivedData/FilmMeter-arjxhmqgczlacvdawintoisuufie/Build/Intermediates.noindex/ArchiveIntermediates/FilmMeter/BuildProductsPath/Release-iphoneos/FilmMeter.app ../../InstallationBuildProductsLocation/Applications/FilmMeter.app (in target 'FilmMeter' from project 'FilmMeter')
    cd /Users/runner/work/film-meter/film-meter
    /bin/ln -sfh ../../InstallationBuildProductsLocation/Applications/FilmMeter.app /Users/runner/Library/Developer/Xcode/DerivedData/FilmMeter-arjxhmqgczlacvdawintoisuufie/Build/Intermediates.noindex/ArchiveIntermediates/FilmMeter/BuildProductsPath/Release-iphoneos/FilmMeter.app

MkDir /Users/runner/Library/Developer/Xcode/DerivedData/FilmMeter-arjxhmqgczlacvdawintoisuufie/Build/Intermediates.noindex/ArchiveIntermediates/FilmMeter/InstallationBuildProductsLocation/Applications/FilmMeter.app (in target 'FilmMeter' from project 'FilmMeter')
    cd /Users/runner/work/film-meter/film-meter
    /bin/mkdir -p /Users/runner/Library/Developer/Xcode/DerivedData/FilmMeter-arjxhmqgczlacvdawintoisuufie/Build/Intermediates.noindex/ArchiveIntermediates/FilmMeter/InstallationBuildProductsLocation/Applications/FilmMeter.app

MkDir /Users/runner/Library/Developer/Xcode/DerivedData/FilmMeter-arjxhmqgczlacvdawintoisuufie/Build/Intermediates.noindex/ArchiveIntermediates/FilmMeter/IntermediateBuildFilesPath/FilmMeter.build/Release-iphoneos/FilmMeter.build/assetcatalog_output/unthinned (in target 'FilmMeter' from project 'FilmMeter')
    cd /Users/runner/work/film-meter/film-meter
    /bin/mkdir -p /Users/runner/Library/Developer/Xcode/DerivedData/FilmMeter-arjxhmqgczlacvdawintoisuufie/Build/Intermediates.noindex/ArchiveIntermediates/FilmMeter/IntermediateBuildFilesPath/FilmMeter.build/Release-iphoneos/FilmMeter.build/assetcatalog_output/unthinned

MkDir /Users/runner/Library/Developer/Xcode/DerivedData/FilmMeter-arjxhmqgczlacvdawintoisuufie/Build/Intermediates.noindex/ArchiveIntermediates/FilmMeter/IntermediateBuildFilesPath/FilmMeter.build/Release-iphoneos/FilmMeter.build/assetcatalog_output/thinned (in target 'FilmMeter' from project 'FilmMeter')
    cd /Users/runner/work/film-meter/film-meter
    /bin/mkdir -p /Users/runner/Library/Developer/Xcode/DerivedData/FilmMeter-arjxhmqgczlacvdawintoisuufie/Build/Intermediates.noindex/ArchiveIntermediates/FilmMeter/IntermediateBuildFilesPath/FilmMeter.build/Release-iphoneos/FilmMeter.build/assetcatalog_output/thinned

GenerateAssetSymbols /Users/runner/work/film-meter/film-meter/FilmMeter/Resources/Assets.xcassets (in target 'FilmMeter' from project 'FilmMeter')
    cd /Users/runner/work/film-meter/film-meter
    /Applications/Xcode_26.6.app/Contents/Developer/usr/bin/actool /Users/runner/work/film-meter/film-meter/FilmMeter/Resources/Assets.xcassets --compile /Users/runner/Library/Developer/Xcode/DerivedData/FilmMeter-arjxhmqgczlacvdawintoisuufie/Build/Intermediates.noindex/ArchiveIntermediates/FilmMeter/InstallationBuildProductsLocation/Applications/FilmMeter.app --output-format human-readable-text --notices --warnings --export-dependency-info /Users/runner/Library/Developer/Xcode/DerivedData/FilmMeter-arjxhmqgczlacvdawintoisuufie/Build/Intermediates.noindex/ArchiveIntermediates/FilmMeter/IntermediateBuildFilesPath/FilmMeter.build/Release-iphoneos/FilmMeter.build/assetcatalog_dependencies --output-partial-info-plist /Users/runner/Library/Developer/Xcode/DerivedData/FilmMeter-arjxhmqgczlacvdawintoisuufie/Build/Intermediates.noindex/ArchiveIntermediates/FilmMeter/IntermediateBuildFilesPath/FilmMeter.build/Release-iphoneos/FilmMeter.build/assetcatalog_generated_info.plist --app-icon AppIcon --accent-color AccentColor --compress-pngs --enable-on-demand-resources YES --development-region en --target-device iphone --minimum-deployment-target 18.0 --platform iphoneos --bundle-identifier com.colinmortimer.filmmeter --generate-swift-asset-symbol-extensions NO --generate-swift-asset-symbols /Users/runner/Library/Developer/Xcode/DerivedData/FilmMeter-arjxhmqgczlacvdawintoisuufie/Build/Intermediates.noindex/ArchiveIntermediates/FilmMeter/IntermediateBuildFilesPath/FilmMeter.build/Release-iphoneos/FilmMeter.build/DerivedSources/GeneratedAssetSymbols.swift --generate-objc-asset-symbols /Users/runner/Library/Developer/Xcode/DerivedData/FilmMeter-arjxhmqgczlacvdawintoisuufie/Build/Intermediates.noindex/ArchiveIntermediates/FilmMeter/IntermediateBuildFilesPath/FilmMeter.build/Release-iphoneos/FilmMeter.build/DerivedSources/GeneratedAssetSymbols.h --generate-asset-symbol-index /Users/runner/Library/Developer/Xcode/DerivedData/FilmMeter-arjxhmqgczlacvdawintoisuufie/Build/Intermediates.noindex/ArchiveIntermediates/FilmMeter/IntermediateBuildFilesPath/FilmMeter.build/Release-iphoneos/FilmMeter.build/DerivedSources/GeneratedAssetSymbols-Index.plist
/* com.apple.actool.compilation-results */
/Users/runner/Library/Developer/Xcode/DerivedData/FilmMeter-arjxhmqgczlacvdawintoisuufie/Build/Intermediates.noindex/ArchiveIntermediates/FilmMeter/IntermediateBuildFilesPath/FilmMeter.build/Release-iphoneos/FilmMeter.build/DerivedSources/GeneratedAssetSymbols-Index.plist
/Users/runner/Library/Developer/Xcode/DerivedData/FilmMeter-arjxhmqgczlacvdawintoisuufie/Build/Intermediates.noindex/ArchiveIntermediates/FilmMeter/IntermediateBuildFilesPath/FilmMeter.build/Release-iphoneos/FilmMeter.build/DerivedSources/GeneratedAssetSymbols.h
/Users/runner/Library/Developer/Xcode/DerivedData/FilmMeter-arjxhmqgczlacvdawintoisuufie/Build/Intermediates.noindex/ArchiveIntermediates/FilmMeter/IntermediateBuildFilesPath/FilmMeter.build/Release-iphoneos/FilmMeter.build/DerivedSources/GeneratedAssetSymbols.swift


CpResource /Users/runner/Library/Developer/Xcode/DerivedData/FilmMeter-arjxhmqgczlacvdawintoisuufie/Build/Intermediates.noindex/ArchiveIntermediates/FilmMeter/InstallationBuildProductsLocation/Applications/FilmMeter.app/ColinLook.bin /Users/runner/work/film-meter/film-meter/FilmMeter/Resources/ColinLook.bin (in target 'FilmMeter' from project 'FilmMeter')
    cd /Users/runner/work/film-meter/film-meter
    builtin-copy -exclude .DS_Store -exclude CVS -exclude .svn -exclude .git -exclude .hg -resolve-src-symlinks /Users/runner/work/film-meter/film-meter/FilmMeter/Resources/ColinLook.bin /Users/runner/Library/Developer/Xcode/DerivedData/FilmMeter-arjxhmqgczlacvdawintoisuufie/Build/Intermediates.noindex/ArchiveIntermediates/FilmMeter/InstallationBuildProductsLocation/Applications/FilmMeter.app

CpResource /Users/runner/Library/Developer/Xcode/DerivedData/FilmMeter-arjxhmqgczlacvdawintoisuufie/Build/Intermediates.noindex/ArchiveIntermediates/FilmMeter/InstallationBuildProductsLocation/Applications/FilmMeter.app/ColinBW.bin /Users/runner/work/film-meter/film-meter/FilmMeter/Resources/ColinBW.bin (in target 'FilmMeter' from project 'FilmMeter')
    cd /Users/runner/work/film-meter/film-meter
    builtin-copy -exclude .DS_Store -exclude CVS -exclude .svn -exclude .git -exclude .hg -resolve-src-symlinks /Users/runner/work/film-meter/film-meter/FilmMeter/Resources/ColinBW.bin /Users/runner/Library/Developer/Xcode/DerivedData/FilmMeter-arjxhmqgczlacvdawintoisuufie/Build/Intermediates.noindex/ArchiveIntermediates/FilmMeter/InstallationBuildProductsLocation/Applications/FilmMeter.app

CompileAssetCatalogVariant thinned /Users/runner/Library/Developer/Xcode/DerivedData/FilmMeter-arjxhmqgczlacvdawintoisuufie/Build/Intermediates.noindex/ArchiveIntermediates/FilmMeter/InstallationBuildProductsLocation/Applications/FilmMeter.app /Users/runner/work/film-meter/film-meter/FilmMeter/Resources/Assets.xcassets (in target 'FilmMeter' from project 'FilmMeter')
    cd /Users/runner/work/film-meter/film-meter
    /Applications/Xcode_26.6.app/Contents/Developer/usr/bin/actool /Users/runner/work/film-meter/film-meter/FilmMeter/Resources/Assets.xcassets --compile /Users/runner/Library/Developer/Xcode/DerivedData/FilmMeter-arjxhmqgczlacvdawintoisuufie/Build/Intermediates.noindex/ArchiveIntermediates/FilmMeter/IntermediateBuildFilesPath/FilmMeter.build/Release-iphoneos/FilmMeter.build/assetcatalog_output/thinned --output-format human-readable-text --notices --warnings --export-dependency-info /Users/runner/Library/Developer/Xcode/DerivedData/FilmMeter-arjxhmqgczlacvdawintoisuufie/Build/Intermediates.noindex/ArchiveIntermediates/FilmMeter/IntermediateBuildFilesPath/FilmMeter.build/Release-iphoneos/FilmMeter.build/assetcatalog_dependencies_thinned --output-partial-info-plist /Users/runner/Library/Developer/Xcode/DerivedData/FilmMeter-arjxhmqgczlacvdawintoisuufie/Build/Intermediates.noindex/ArchiveIntermediates/FilmMeter/IntermediateBuildFilesPath/FilmMeter.build/Release-iphoneos/FilmMeter.build/assetcatalog_generated_info.plist_thinned --app-icon AppIcon --accent-color AccentColor --compress-pngs --enable-on-demand-resources YES --development-region en --target-device iphone --minimum-deployment-target 18.0 --platform iphoneos

SwiftDriver FilmMeter normal arm64 com.apple.xcode.tools.swift.compiler (in target 'FilmMeter' from project 'FilmMeter')
    cd /Users/runner/work/film-meter/film-meter
    builtin-SwiftDriver -- /Applications/Xcode_26.6.app/Contents/Developer/Toolchains/XcodeDefault.xctoolchain/usr/bin/swiftc -module-name FilmMeter -O -whole-module-optimization @/Users/runner/Library/Developer/Xcode/DerivedData/FilmMeter-arjxhmqgczlacvdawintoisuufie/Build/Intermediates.noindex/ArchiveIntermediates/FilmMeter/IntermediateBuildFilesPath/FilmMeter.build/Release-iphoneos/FilmMeter.build/Objects-normal/arm64/FilmMeter.SwiftFileList -enable-bare-slash-regex -enable-experimental-feature DebugDescriptionMacro -sdk /Applications/Xcode_26.6.app/Contents/Developer/Platforms/iPhoneOS.platform/Developer/SDKs/iPhoneOS26.5.sdk -target arm64-apple-ios18.0 -g -module-cache-path /Users/runner/Library/Developer/Xcode/DerivedData/ModuleCache.noindex -Xfrontend -serialize-debugging-options -swift-version 5 -I /Users/runner/Library/Developer/Xcode/DerivedData/FilmMeter-arjxhmqgczlacvdawintoisuufie/Build/Intermediates.noindex/ArchiveIntermediates/FilmMeter/BuildProductsPath/Release-iphoneos -F /Users/runner/Library/Developer/Xcode/DerivedData/FilmMeter-arjxhmqgczlacvdawintoisuufie/Build/Intermediates.noindex/ArchiveIntermediates/FilmMeter/BuildProductsPath/Release-iphoneos -c -num-threads 3 -Xcc -ivfsstatcache -Xcc /Users/runner/Library/Developer/Xcode/DerivedData/SDKStatCaches.noindex/iphoneos26.5-23F81a-688ef53f1462e2c8f657fdc38a81448fee66e23052a0157c865c76b268046726.sdkstatcache -output-file-map /Users/runner/Library/Developer/Xcode/DerivedData/FilmMeter-arjxhmqgczlacvdawintoisuufie/Build/Intermediates.noindex/ArchiveIntermediates/FilmMeter/IntermediateBuildFilesPath/FilmMeter.build/Release-iphoneos/FilmMeter.build/Objects-normal/arm64/FilmMeter-OutputFileMap.json -use-frontend-parseable-output -save-temps -no-color-diagnostics -explicit-module-build -module-cache-path /Users/runner/Library/Developer/Xcode/DerivedData/FilmMeter-arjxhmqgczlacvdawintoisuufie/Build/Intermediates.noindex/ArchiveIntermediates/FilmMeter/IntermediateBuildFilesPath/SwiftExplicitPrecompiledModules -clang-scanner-module-cache-path /Users/runner/Library/Developer/Xcode/DerivedData/ModuleCache.noindex -sdk-module-cache-path /Users/runner/Library/Developer/Xcode/DerivedData/ModuleCache.noindex -serialize-diagnostics -emit-dependencies -emit-module -emit-module-path /Users/runner/Library/Developer/Xcode/DerivedData/FilmMeter-arjxhmqgczlacvdawintoisuufie/Build/Intermediates.noindex/ArchiveIntermediates/FilmMeter/IntermediateBuildFilesPath/FilmMeter.build/Release-iphoneos/FilmMeter.build/Objects-normal/arm64/FilmMeter.swiftmodule -validate-clang-modules-once -clang-build-session-file /Users/runner/Library/Developer/Xcode/DerivedData/ModuleCache.noindex/Session.modulevalidation -Xcc -I/Users/runner/Library/Developer/Xcode/DerivedData/FilmMeter-arjxhmqgczlacvdawintoisuufie/Build/Intermediates.noindex/ArchiveIntermediates/FilmMeter/IntermediateBuildFilesPath/FilmMeter.build/Release-iphoneos/FilmMeter.build/swift-overrides.hmap -emit-const-values -Xfrontend -const-gather-protocols-file -Xfrontend /Users/runner/Library/Developer/Xcode/DerivedData/FilmMeter-arjxhmqgczlacvdawintoisuufie/Build/Intermediates.noindex/ArchiveIntermediates/FilmMeter/IntermediateBuildFilesPath/FilmMeter.build/Release-iphoneos/FilmMeter.build/Objects-normal/arm64/FilmMeter_const_extract_protocols.json -Xcc -iquote -Xcc /Users/runner/Library/Developer/Xcode/DerivedData/FilmMeter-arjxhmqgczlacvdawintoisuufie/Build/Intermediates.noindex/ArchiveIntermediates/FilmMeter/IntermediateBuildFilesPath/FilmMeter.build/Release-iphoneos/FilmMeter.build/FilmMeter-generated-files.hmap -Xcc -I/Users/runner/Library/Developer/Xcode/DerivedData/FilmMeter-arjxhmqgczlacvdawintoisuufie/Build/Intermediates.noindex/ArchiveIntermediates/FilmMeter/IntermediateBuildFilesPath/FilmMeter.build/Release-iphoneos/FilmMeter.build/FilmMeter-own-target-headers.hmap -Xcc -I/Users/runner/Library/Developer/Xcode/DerivedData/FilmMeter-arjxhmqgczlacvdawintoisuufie/Build/Intermediates.noindex/ArchiveIntermediates/FilmMeter/IntermediateBuildFilesPath/FilmMeter.build/Release-iphoneos/FilmMeter.build/FilmMeter-all-target-headers.hmap -Xcc -iquote -Xcc /Users/runner/Library/Developer/Xcode/DerivedData/FilmMeter-arjxhmqgczlacvdawintoisuufie/Build/Intermediates.noindex/ArchiveIntermediates/FilmMeter/IntermediateBuildFilesPath/FilmMeter.build/Release-iphoneos/FilmMeter.build/FilmMeter-project-headers.hmap -Xcc -I/Users/runner/Library/Developer/Xcode/DerivedData/FilmMeter-arjxhmqgczlacvdawintoisuufie/Build/Intermediates.noindex/ArchiveIntermediates/FilmMeter/BuildProductsPath/Release-iphoneos/include -Xcc -I/Users/runner/Library/Developer/Xcode/DerivedData/FilmMeter-arjxhmqgczlacvdawintoisuufie/Build/Intermediates.noindex/ArchiveIntermediates/FilmMeter/IntermediateBuildFilesPath/FilmMeter.build/Release-iphoneos/FilmMeter.build/DerivedSources-normal/arm64 -Xcc -I/Users/runner/Library/Developer/Xcode/DerivedData/FilmMeter-arjxhmqgczlacvdawintoisuufie/Build/Intermediates.noindex/ArchiveIntermediates/FilmMeter/IntermediateBuildFilesPath/FilmMeter.build/Release-iphoneos/FilmMeter.build/DerivedSources/arm64 -Xcc -I/Users/runner/Library/Developer/Xcode/DerivedData/FilmMeter-arjxhmqgczlacvdawintoisuufie/Build/Intermediates.noindex/ArchiveIntermediates/FilmMeter/IntermediateBuildFilesPath/FilmMeter.build/Release-iphoneos/FilmMeter.build/DerivedSources -emit-objc-header -emit-objc-header-path /Users/runner/Library/Developer/Xcode/DerivedData/FilmMeter-arjxhmqgczlacvdawintoisuufie/Build/Intermediates.noindex/ArchiveIntermediates/FilmMeter/IntermediateBuildFilesPath/FilmMeter.build/Release-iphoneos/FilmMeter.build/Objects-normal/arm64/FilmMeter-Swift.h -working-directory /Users/runner/work/film-meter/film-meter -no-emit-module-separately-wmo

SwiftDriver\ Compilation FilmMeter normal arm64 com.apple.xcode.tools.swift.compiler (in target 'FilmMeter' from project 'FilmMeter')
    cd /Users/runner/work/film-meter/film-meter
    builtin-Swift-Compilation -- /Applications/Xcode_26.6.app/Contents/Developer/Toolchains/XcodeDefault.xctoolchain/usr/bin/swiftc -module-name FilmMeter -O -whole-module-optimization @/Users/runner/Library/Developer/Xcode/DerivedData/FilmMeter-arjxhmqgczlacvdawintoisuufie/Build/Intermediates.noindex/ArchiveIntermediates/FilmMeter/IntermediateBuildFilesPath/FilmMeter.build/Release-iphoneos/FilmMeter.build/Objects-normal/arm64/FilmMeter.SwiftFileList -enable-bare-slash-regex -enable-experimental-feature DebugDescriptionMacro -sdk /Applications/Xcode_26.6.app/Contents/Developer/Platforms/iPhoneOS.platform/Developer/SDKs/iPhoneOS26.5.sdk -target arm64-apple-ios18.0 -g -module-cache-path /Users/runner/Library/Developer/Xcode/DerivedData/ModuleCache.noindex -Xfrontend -serialize-debugging-options -swift-version 5 -I /Users/runner/Library/Developer/Xcode/DerivedData/FilmMeter-arjxhmqgczlacvdawintoisuufie/Build/Intermediates.noindex/ArchiveIntermediates/FilmMeter/BuildProductsPath/Release-iphoneos -F /Users/runner/Library/Developer/Xcode/DerivedData/FilmMeter-arjxhmqgczlacvdawintoisuufie/Build/Intermediates.noindex/ArchiveIntermediates/FilmMeter/BuildProductsPath/Release-iphoneos -c -num-threads 3 -Xcc -ivfsstatcache -Xcc /Users/runner/Library/Developer/Xcode/DerivedData/SDKStatCaches.noindex/iphoneos26.5-23F81a-688ef53f1462e2c8f657fdc38a81448fee66e23052a0157c865c76b268046726.sdkstatcache -output-file-map /Users/runner/Library/Developer/Xcode/DerivedData/FilmMeter-arjxhmqgczlacvdawintoisuufie/Build/Intermediates.noindex/ArchiveIntermediates/FilmMeter/IntermediateBuildFilesPath/FilmMeter.build/Release-iphoneos/FilmMeter.build/Objects-normal/arm64/FilmMeter-OutputFileMap.json -use-frontend-parseable-output -save-temps -no-color-diagnostics -explicit-module-build -module-cache-path /Users/runner/Library/Developer/Xcode/DerivedData/FilmMeter-arjxhmqgczlacvdawintoisuufie/Build/Intermediates.noindex/ArchiveIntermediates/FilmMeter/IntermediateBuildFilesPath/SwiftExplicitPrecompiledModules -clang-scanner-module-cache-path /Users/runner/Library/Developer/Xcode/DerivedData/ModuleCache.noindex -sdk-module-cache-path /Users/runner/Library/Developer/Xcode/DerivedData/ModuleCache.noindex -serialize-diagnostics -emit-dependencies -emit-module -emit-module-path /Users/runner/Library/Developer/Xcode/DerivedData/FilmMeter-arjxhmqgczlacvdawintoisuufie/Build/Intermediates.noindex/ArchiveIntermediates/FilmMeter/IntermediateBuildFilesPath/FilmMeter.build/Release-iphoneos/FilmMeter.build/Objects-normal/arm64/FilmMeter.swiftmodule -validate-clang-modules-once -clang-build-session-file /Users/runner/Library/Developer/Xcode/DerivedData/ModuleCache.noindex/Session.modulevalidation -Xcc -I/Users/runner/Library/Developer/Xcode/DerivedData/FilmMeter-arjxhmqgczlacvdawintoisuufie/Build/Intermediates.noindex/ArchiveIntermediates/FilmMeter/IntermediateBuildFilesPath/FilmMeter.build/Release-iphoneos/FilmMeter.build/swift-overrides.hmap -emit-const-values -Xfrontend -const-gather-protocols-file -Xfrontend /Users/runner/Library/Developer/Xcode/DerivedData/FilmMeter-arjxhmqgczlacvdawintoisuufie/Build/Intermediates.noindex/ArchiveIntermediates/FilmMeter/IntermediateBuildFilesPath/FilmMeter.build/Release-iphoneos/FilmMeter.build/Objects-normal/arm64/FilmMeter_const_extract_protocols.json -Xcc -iquote -Xcc /Users/runner/Library/Developer/Xcode/DerivedData/FilmMeter-arjxhmqgczlacvdawintoisuufie/Build/Intermediates.noindex/ArchiveIntermediates/FilmMeter/IntermediateBuildFilesPath/FilmMeter.build/Release-iphoneos/FilmMeter.build/FilmMeter-generated-files.hmap -Xcc -I/Users/runner/Library/Developer/Xcode/DerivedData/FilmMeter-arjxhmqgczlacvdawintoisuufie/Build/Intermediates.noindex/ArchiveIntermediates/FilmMeter/IntermediateBuildFilesPath/FilmMeter.build/Release-iphoneos/FilmMeter.build/FilmMeter-own-target-headers.hmap -Xcc -I/Users/runner/Library/Developer/Xcode/DerivedData/FilmMeter-arjxhmqgczlacvdawintoisuufie/Build/Intermediates.noindex/ArchiveIntermediates/FilmMeter/IntermediateBuildFilesPath/FilmMeter.build/Release-iphoneos/FilmMeter.build/FilmMeter-all-target-headers.hmap -Xcc -iquote -Xcc /Users/runner/Library/Developer/Xcode/DerivedData/FilmMeter-arjxhmqgczlacvdawintoisuufie/Build/Intermediates.noindex/ArchiveIntermediates/FilmMeter/IntermediateBuildFilesPath/FilmMeter.build/Release-iphoneos/FilmMeter.build/FilmMeter-project-headers.hmap -Xcc -I/Users/runner/Library/Developer/Xcode/DerivedData/FilmMeter-arjxhmqgczlacvdawintoisuufie/Build/Intermediates.noindex/ArchiveIntermediates/FilmMeter/BuildProductsPath/Release-iphoneos/include -Xcc -I/Users/runner/Library/Developer/Xcode/DerivedData/FilmMeter-arjxhmqgczlacvdawintoisuufie/Build/Intermediates.noindex/ArchiveIntermediates/FilmMeter/IntermediateBuildFilesPath/FilmMeter.build/Release-iphoneos/FilmMeter.build/DerivedSources-normal/arm64 -Xcc -I/Users/runner/Library/Developer/Xcode/DerivedData/FilmMeter-arjxhmqgczlacvdawintoisuufie/Build/Intermediates.noindex/ArchiveIntermediates/FilmMeter/IntermediateBuildFilesPath/FilmMeter.build/Release-iphoneos/FilmMeter.build/DerivedSources/arm64 -Xcc -I/Users/runner/Library/Developer/Xcode/DerivedData/FilmMeter-arjxhmqgczlacvdawintoisuufie/Build/Intermediates.noindex/ArchiveIntermediates/FilmMeter/IntermediateBuildFilesPath/FilmMeter.build/Release-iphoneos/FilmMeter.build/DerivedSources -emit-objc-header -emit-objc-header-path /Users/runner/Library/Developer/Xcode/DerivedData/FilmMeter-arjxhmqgczlacvdawintoisuufie/Build/Intermediates.noindex/ArchiveIntermediates/FilmMeter/IntermediateBuildFilesPath/FilmMeter.build/Release-iphoneos/FilmMeter.build/Objects-normal/arm64/FilmMeter-Swift.h -working-directory /Users/runner/work/film-meter/film-meter -no-emit-module-separately-wmo

SwiftExplicitDependencyGeneratePcm arm64 /Users/runner/Library/Developer/Xcode/DerivedData/ModuleCache.noindex/ptrauth-DABL4NITE6FI9XGP0U5ICP5U7.pcm

SwiftExplicitDependencyGeneratePcm arm64 /Users/runner/Library/Developer/Xcode/DerivedData/ModuleCache.noindex/_Builtin_stdbool-F2JDNPQEX6SQ9OSYLY30YZQUK.pcm

SwiftExplicitDependencyGeneratePcm arm64 /Users/runner/Library/Developer/Xcode/DerivedData/ModuleCache.noindex/_Builtin_stddef-DM9FIK1TI14UIQLTPTSDRJRH8.pcm

SwiftExplicitDependencyGeneratePcm arm64 /Users/runner/Library/Developer/Xcode/DerivedData/ModuleCache.noindex/_AvailabilityInternal-D134KYCM5B7H7LEX0UZ8E87OC.pcm

SwiftExplicitDependencyGeneratePcm arm64 /Users/runner/Library/Developer/Xcode/DerivedData/ModuleCache.noindex/_SwiftConcurrencyShims-11WQO0U6NUPEG5KX0XIBPK7HV.pcm

SwiftExplicitDependencyGeneratePcm arm64 /Users/runner/Library/Developer/Xcode/DerivedData/ModuleCache.noindex/DeveloperToolsSupport-EMHRDK0O1ZXXZII2U7HYGBAAB.pcm

SwiftExplicitDependencyGeneratePcm arm64 /Users/runner/Library/Developer/Xcode/DerivedData/ModuleCache.noindex/_Builtin_stdarg-AWNHK52NN9LOBSP9B3ES6N4JP.pcm

SwiftExplicitDependencyGeneratePcm arm64 /Users/runner/Library/Developer/Xcode/DerivedData/ModuleCache.noindex/ptrcheck-F4E3AJ5OSHOZ9IBB2GP04PWWI.pcm

SwiftExplicitDependencyGeneratePcm arm64 /Users/runner/Library/Developer/Xcode/DerivedData/ModuleCache.noindex/SwiftShims-72SLMYIIT0DF0R4G8CULVMIGB.pcm

SwiftExplicitDependencyGeneratePcm arm64 /Users/runner/Library/Developer/Xcode/DerivedData/ModuleCache.noindex/_Builtin_float-2YO6PSBAHJ04WO49MXMPSPE2E.pcm

SwiftExplicitDependencyGeneratePcm arm64 /Users/runner/Library/Developer/Xcode/DerivedData/ModuleCache.noindex/_DarwinFoundation1-AVQP07R3FLQDOZLLLTSBQE6KZ.pcm

SwiftExplicitDependencyGeneratePcm arm64 /Users/runner/Library/Developer/Xcode/DerivedData/ModuleCache.noindex/_DarwinFoundation2-CHABC5SS8N2OTC0RLF1PF00IL.pcm

SwiftExplicitDependencyGeneratePcm arm64 /Users/runner/Library/Developer/Xcode/DerivedData/ModuleCache.noindex/_Builtin_limits-5XLAGNJNMUIA35MLR9224J96G.pcm

SwiftExplicitDependencyGeneratePcm arm64 /Users/runner/Library/Developer/Xcode/DerivedData/ModuleCache.noindex/sys_types-6VUOHF7N0NSAAA8P9FPHKE8W6.pcm

SwiftExplicitDependencyGeneratePcm arm64 /Users/runner/Library/Developer/Xcode/DerivedData/ModuleCache.noindex/_Builtin_stdint-1IVO0O4NH45TV1AYF52FCLU39.pcm

SwiftExplicitDependencyGeneratePcm arm64 /Users/runner/Library/Developer/Xcode/DerivedData/ModuleCache.noindex/_Builtin_tgmath-54R3DMFU6DS0GI3Z1X2FGPB20.pcm

SwiftExplicitDependencyGeneratePcm arm64 /Users/runner/Library/Developer/Xcode/DerivedData/ModuleCache.noindex/_Builtin_stdatomic-9060L4NKPD5ER5I6FJ57E8WVA.pcm

SwiftExplicitDependencyGeneratePcm arm64 /Users/runner/Library/Developer/Xcode/DerivedData/ModuleCache.noindex/_DarwinFoundation3-DT13DYQO20ZPMHDX5CDK95E4D.pcm

SwiftExplicitDependencyGeneratePcm arm64 /Users/runner/Library/Developer/Xcode/DerivedData/ModuleCache.noindex/_Builtin_intrinsics-99O65VBQ24FR6L5LL9JW9AR1W.pcm

SwiftExplicitDependencyGeneratePcm arm64 /Users/runner/Library/Developer/Xcode/DerivedData/ModuleCache.noindex/_Builtin_inttypes-AMA2B4Y7QBKPABLXFSRFWCL9N.pcm

SwiftExplicitDependencyGeneratePcm arm64 /Users/runner/Library/Developer/Xcode/DerivedData/ModuleCache.noindex/Darwin-D9UWKS8G5A983R1DJ4W24YSKP.pcm

SwiftExplicitDependencyGeneratePcm arm64 /Users/runner/Library/Developer/Xcode/DerivedData/ModuleCache.noindex/simd-CLUOIJ1OU38JUV8Q94GRO1JFW.pcm

SwiftExplicitDependencyGeneratePcm arm64 /Users/runner/Library/Developer/Xcode/DerivedData/ModuleCache.noindex/MachO-B6RJ1U22Q2HMP7YR9Z0P7VQ0Z.pcm

SwiftExplicitDependencyGeneratePcm arm64 /Users/runner/Library/Developer/Xcode/DerivedData/ModuleCache.noindex/ObjectiveC-UL57PEN9KLSC4RHLEIGY3HA.pcm

SwiftExplicitDependencyGeneratePcm arm64 /Users/runner/Library/Developer/Xcode/DerivedData/ModuleCache.noindex/Spatial-66ZFZVSPF6NR4DI3VRZP5OD1H.pcm

SwiftExplicitDependencyGeneratePcm arm64 /Users/runner/Library/Developer/Xcode/DerivedData/ModuleCache.noindex/os_object-E4IBKKHD0T0YBYBJLG4YXIM1L.pcm

SwiftExplicitDependencyGeneratePcm arm64 /Users/runner/Library/Developer/Xcode/DerivedData/ModuleCache.noindex/os_workgroup-32Z9ZWHZO4UN3G5VTRHGO9J2G.pcm

SwiftExplicitDependencyGeneratePcm arm64 /Users/runner/Library/Developer/Xcode/DerivedData/ModuleCache.noindex/Dispatch-9CU9L6AJGABEPEK1MML5WOJEH.pcm

SwiftExplicitDependencyGeneratePcm arm64 /Users/runner/Library/Developer/Xcode/DerivedData/ModuleCache.noindex/XPC-4PB7SR0PM1G3Z1V4ERK8LTRR6.pcm

SwiftExplicitDependencyGeneratePcm arm64 /Users/runner/Library/Developer/Xcode/DerivedData/ModuleCache.noindex/CoreFoundation-AJVBJNWJLXSNXAG6CFR83HFOF.pcm

SwiftExplicitDependencyGeneratePcm arm64 /Users/runner/Library/Developer/Xcode/DerivedData/ModuleCache.noindex/dnssd-AB1MJ0IHS4AY4FMB9VINDZFNL.pcm

SwiftExplicitDependencyGeneratePcm arm64 /Users/runner/Library/Developer/Xcode/DerivedData/ModuleCache.noindex/os-1REBWOFRQ4PBO7QOUF0V31OPU.pcm

SwiftExplicitDependencyGeneratePcm arm64 /Users/runner/Library/Developer/Xcode/DerivedData/ModuleCache.noindex/Security-CIWSTZAS0BOTYSHUXXOWYSEX5.pcm

SwiftExplicitDependencyGeneratePcm arm64 /Users/runner/Library/Developer/Xcode/DerivedData/ModuleCache.noindex/CFNetwork-4AKTMCE1W2AF00ZV9XZ8XN8BU.pcm

SwiftExplicitDependencyGeneratePcm arm64 /Users/runner/Library/Developer/Xcode/DerivedData/ModuleCache.noindex/CoreGraphics-1G5052L8UUCYJ9W6QLENAXY9U.pcm

SwiftExplicitDependencyGeneratePcm arm64 /Users/runner/Library/Developer/Xcode/DerivedData/ModuleCache.noindex/CoreAudioTypes-5091PY7IMGYC8NT1C1RFMX3LB.pcm

SwiftExplicitDependencyGeneratePcm arm64 /Users/runner/Library/Developer/Xcode/DerivedData/ModuleCache.noindex/Foundation-1X62Q4Y5CFD79X7DK8WGN1XR7.pcm

SwiftExplicitDependencyGeneratePcm arm64 /Users/runner/Library/Developer/Xcode/DerivedData/ModuleCache.noindex/ImageIO-DO2T5X90PE8HDHJGTWQBWNA65.pcm

SwiftExplicitDependencyGeneratePcm arm64 /Users/runner/Library/Developer/Xcode/DerivedData/ModuleCache.noindex/CoreAudio-9F3BZEY70EDS7DFFGE41U1W6R.pcm

SwiftExplicitDependencyGeneratePcm arm64 /Users/runner/Library/Developer/Xcode/DerivedData/ModuleCache.noindex/CoreText-7G27BMK29AJO8FLDTQX72AKIO.pcm

SwiftExplicitDependencyGeneratePcm arm64 /Users/runner/Library/Developer/Xcode/DerivedData/ModuleCache.noindex/FileProvider-2IGH0JAASCWFWTHH3HQB16NAT.pcm

SwiftExplicitDependencyGeneratePcm arm64 /Users/runner/Library/Developer/Xcode/DerivedData/ModuleCache.noindex/UIUtilities-68BP72D2ARRWVKR5ND13PTZHD.pcm

SwiftExplicitDependencyGeneratePcm arm64 /Users/runner/Library/Developer/Xcode/DerivedData/ModuleCache.noindex/ModelIO-3JT00ISA8AVXKE5TAEGDCHFQZ.pcm

SwiftExplicitDependencyGeneratePcm arm64 /Users/runner/Library/Developer/Xcode/DerivedData/ModuleCache.noindex/CoreData-3FH3JHVLSCG105NRLU6T3RF4G.pcm

SwiftExplicitDependencyGeneratePcm arm64 /Users/runner/Library/Developer/Xcode/DerivedData/ModuleCache.noindex/IOSurface-5JX3VCZ80M38F2Z6PCGNGZCAT.pcm

SwiftExplicitDependencyGeneratePcm arm64 /Users/runner/Library/Developer/Xcode/DerivedData/ModuleCache.noindex/UniformTypeIdentifiers-5SQL832U5YS5P4OFS71ZU71ZH.pcm

SwiftExplicitDependencyGeneratePcm arm64 /Users/runner/Library/Developer/Xcode/DerivedData/ModuleCache.noindex/OSLog-DKEX056QW3YCNCO6DBH0EAM0E.pcm

SwiftExplicitDependencyGeneratePcm arm64 /Users/runner/Library/Developer/Xcode/DerivedData/ModuleCache.noindex/MediaAccessibility-1WJSP0FQ0A9711635G2E6KSWO.pcm

SwiftExplicitDependencyGeneratePcm arm64 /Users/runner/Library/Developer/Xcode/DerivedData/ModuleCache.noindex/UserNotifications-9XZE59KS9YG29GOP295XNSED9.pcm

SwiftExplicitDependencyGeneratePcm arm64 /Users/runner/Library/Developer/Xcode/DerivedData/ModuleCache.noindex/DataDetection-D4KJ1S9E4WLZ9667PTN5AXI9K.pcm

SwiftExplicitDependencyGeneratePcm arm64 /Users/runner/Library/Developer/Xcode/DerivedData/ModuleCache.noindex/_LocationEssentials-4RV1VJZLSCT2RO6Q45E9WTAA8.pcm

SwiftExplicitDependencyGeneratePcm arm64 /Users/runner/Library/Developer/Xcode/DerivedData/ModuleCache.noindex/Network-CV64AECI38K2LZC189XU1XATE.pcm

SwiftExplicitDependencyGeneratePcm arm64 /Users/runner/Library/Developer/Xcode/DerivedData/ModuleCache.noindex/CoreTransferable-AAQIWS8UG8MGA4ZNEWBZ2W2IY.pcm

SwiftExplicitDependencyGeneratePcm arm64 /Users/runner/Library/Developer/Xcode/DerivedData/ModuleCache.noindex/CoreLocation-1U52FIMZVPGQCI81SNWX8D199.pcm

SwiftExplicitDependencyGeneratePcm arm64 /Users/runner/Library/Developer/Xcode/DerivedData/ModuleCache.noindex/AVRouting-8A7VPDRVCYEKXELY0B5Z02OB1.pcm

SwiftExplicitDependencyGeneratePcm arm64 /Users/runner/Library/Developer/Xcode/DerivedData/ModuleCache.noindex/OpenGLES-457SP2TZA6UHDMTKTCX1NW350.pcm

SwiftExplicitDependencyGeneratePcm arm64 /Users/runner/Library/Developer/Xcode/DerivedData/ModuleCache.noindex/Accessibility-ZCOQIL8YWBFQ0TLBXFB2N57I.pcm

SwiftExplicitDependencyGeneratePcm arm64 /Users/runner/Library/Developer/Xcode/DerivedData/ModuleCache.noindex/Metal-DNRDTVJ2K7CPTS3LY6NISTWHE.pcm

SwiftExplicitDependencyGeneratePcm arm64 /Users/runner/Library/Developer/Xcode/DerivedData/ModuleCache.noindex/CoreMIDI-AFW9RQCL2DDOC9NBGR4X2CM3L.pcm

SwiftExplicitDependencyGeneratePcm arm64 /Users/runner/Library/Developer/Xcode/DerivedData/ModuleCache.noindex/CoreMotion-BPRJNT9WN1IBBCVB9SSPNNWYO.pcm

SwiftExplicitDependencyGeneratePcm arm64 /Users/runner/Library/Developer/Xcode/DerivedData/ModuleCache.noindex/AudioToolbox-9BX5ETP5XHFHO8GQSFBY0YW8F.pcm

SwiftExplicitDependencyGeneratePcm arm64 /Users/runner/Library/Developer/Xcode/DerivedData/ModuleCache.noindex/Symbols-3Z96XHQKJOEPY4CGQ63YIUGXQ.pcm

SwiftExplicitDependencyGeneratePcm arm64 /Users/runner/Library/Developer/Xcode/DerivedData/ModuleCache.noindex/CoreVideo-BZMXU0P2Z8IQSJANCXSICOTKV.pcm

SwiftExplicitDependencyGeneratePcm arm64 /Users/runner/Library/Developer/Xcode/DerivedData/ModuleCache.noindex/CoreML-1BV3PAPP2C4TUQZ9LVAZ15V5Z.pcm

SwiftExplicitDependencyGeneratePcm arm64 /Users/runner/Library/Developer/Xcode/DerivedData/ModuleCache.noindex/CoreImage-27LC9VRXJDFZFMFSKO9E5CY0O.pcm

SwiftExplicitDependencyGeneratePcm arm64 /Users/runner/Library/Developer/Xcode/DerivedData/ModuleCache.noindex/Accelerate-53GJIFO1XW9TZVGDALCVR12QG.pcm

SwiftExplicitDependencyGeneratePcm arm64 /Users/runner/Library/Developer/Xcode/DerivedData/ModuleCache.noindex/QuartzCore-566Q57FTIWBTHFMCCY09MABDC.pcm

SwiftExplicitDependencyGeneratePcm arm64 /Users/runner/Library/Developer/Xcode/DerivedData/ModuleCache.noindex/CoreMedia-2OM5WMGJE0UL49LUGXPRUYR0Y.pcm

SwiftExplicitDependencyGeneratePcm arm64 /Users/runner/Library/Developer/Xcode/DerivedData/ModuleCache.noindex/UIKit-EXU98BO9TKBKUJMALVDROIG6.pcm

SwiftExplicitDependencyGeneratePcm arm64 /Users/runner/Library/Developer/Xcode/DerivedData/ModuleCache.noindex/AVFAudio-CSYOL09ZBXMJ2ZW59SFCL27VU.pcm

SwiftExplicitDependencyGeneratePcm arm64 /Users/runner/Library/Developer/Xcode/DerivedData/ModuleCache.noindex/Vision-I52KXI28XFRQ3VAZ88SF2P9U.pcm

SwiftExplicitDependencyGeneratePcm arm64 /Users/runner/Library/Developer/Xcode/DerivedData/ModuleCache.noindex/SwiftUICore-9DIEMH4Z9T64AGJB2R6KD3EOR.pcm

SwiftExplicitDependencyGeneratePcm arm64 /Users/runner/Library/Developer/Xcode/DerivedData/ModuleCache.noindex/MediaToolbox-CWVXBCEYDTK4E9ZA9BRY2217Z.pcm

SwiftExplicitDependencyGeneratePcm arm64 /Users/runner/Library/Developer/Xcode/DerivedData/ModuleCache.noindex/SwiftUI-6B305YEGM6ZJ1GCRJMNGN14J6.pcm

SwiftExplicitDependencyGeneratePcm arm64 /Users/runner/Library/Developer/Xcode/DerivedData/ModuleCache.noindex/MetalKit-CNF3L7RYVC14YWN2DKJJ2VGJG.pcm

SwiftExplicitDependencyGeneratePcm arm64 /Users/runner/Library/Developer/Xcode/DerivedData/ModuleCache.noindex/AVFoundation-5RU42VNQQ16GF3204OWCSH0KV.pcm

SwiftExplicitDependencyGeneratePcm arm64 /Users/runner/Library/Developer/Xcode/DerivedData/ModuleCache.noindex/AVKit-J02MD86SA65W17NW83ERW083.pcm

SwiftCompile normal arm64 Compiling\ AdvisorView.swift,\ AppModel.swift,\ CameraController.swift,\ CaptureControls.swift,\ ColorMath.swift,\ Components.swift,\ ContentView.swift,\ ControlPanel.swift,\ DepthOfField.swift,\ ExposureMath.swift,\ Film.swift,\ FilmMeterApp.swift,\ FilmPipeline.swift,\ FrameAnalyzer.swift,\ Gear.swift,\ GearView.swift,\ Grain.swift,\ LiveProcessor.swift,\ LiveRenderer.swift,\ LockedSession.swift,\ LockedView.swift,\ LookTables.swift,\ Meter.swift,\ MotionLocation.swift,\ Rolls.swift,\ RollsView.swift,\ SettingsView.swift,\ SkyPolarization.swift,\ Still.swift,\ Store.swift,\ SunPosition.swift,\ ViewfinderView.swift,\ GeneratedAssetSymbols.swift /Users/runner/work/film-meter/film-meter/FilmMeter/UI/AdvisorView.swift /Users/runner/work/film-meter/film-meter/FilmMeter/App/AppModel.swift /Users/runner/work/film-meter/film-meter/FilmMeter/Camera/CameraController.swift /Users/runner/work/film-meter/film-meter/FilmMeter/Camera/CaptureControls.swift /Users/runner/work/film-meter/film-meter/FilmMeter/Film/ColorMath.swift /Users/runner/work/film-meter/film-meter/FilmMeter/UI/Components.swift /Users/runner/work/film-meter/film-meter/FilmMeter/UI/ContentView.swift /Users/runner/work/film-meter/film-meter/FilmMeter/UI/ControlPanel.swift /Users/runner/work/film-meter/film-meter/FilmMeter/Core/DepthOfField.swift /Users/runner/work/film-meter/film-meter/FilmMeter/Core/ExposureMath.swift /Users/runner/work/film-meter/film-meter/FilmMeter/Model/Film.swift /Users/runner/work/film-meter/film-meter/FilmMeter/App/FilmMeterApp.swift /Users/runner/work/film-meter/film-meter/FilmMeter/Film/FilmPipeline.swift /Users/runner/work/film-meter/film-meter/FilmMeter/Camera/FrameAnalyzer.swift /Users/runner/work/film-meter/film-meter/FilmMeter/Model/Gear.swift /Users/runner/work/film-meter/film-meter/FilmMeter/UI/GearView.swift /Users/runner/work/film-meter/film-meter/FilmMeter/Render/Grain.swift /Users/runner/work/film-meter/film-meter/FilmMeter/Render/LiveProcessor.swift /Users/runner/work/film-meter/film-meter/FilmMeter/Render/LiveRenderer.swift /Users/runner/work/film-meter/film-meter/FilmMeter/App/LockedSession.swift /Users/runner/work/film-meter/film-meter/FilmMeter/UI/LockedView.swift /Users/runner/work/film-meter/film-meter/FilmMeter/Film/LookTables.swift /Users/runner/work/film-meter/film-meter/FilmMeter/Metering/Meter.swift /Users/runner/work/film-meter/film-meter/FilmMeter/Camera/MotionLocation.swift /Users/runner/work/film-meter/film-meter/FilmMeter/Model/Rolls.swift /Users/runner/work/film-meter/film-meter/FilmMeter/UI/RollsView.swift /Users/runner/work/film-meter/film-meter/FilmMeter/UI/SettingsView.swift /Users/runner/work/film-meter/film-meter/FilmMeter/Core/SkyPolarization.swift /Users/runner/work/film-meter/film-meter/FilmMeter/Render/Still.swift /Users/runner/work/film-meter/film-meter/FilmMeter/Storage/Store.swift /Users/runner/work/film-meter/film-meter/FilmMeter/Core/SunPosition.swift /Users/runner/work/film-meter/film-meter/FilmMeter/UI/ViewfinderView.swift /Users/runner/Library/Developer/Xcode/DerivedData/FilmMeter-arjxhmqgczlacvdawintoisuufie/Build/Intermediates.noindex/ArchiveIntermediates/FilmMeter/IntermediateBuildFilesPath/FilmMeter.build/Release-iphoneos/FilmMeter.build/DerivedSources/GeneratedAssetSymbols.swift /Applications/Xcode_26.6.app/Contents/Developer/Toolchains/XcodeDefault.xctoolchain/usr/lib/swift/iphoneos/prebuilt-modules/26.5/Darwin.swiftmodule/arm64e-apple-ios.swiftmodule /Applications/Xcode_26.6.app/Contents/Developer/Toolchains/XcodeDefault.xctoolchain/usr/lib/swift/iphoneos/prebuilt-modules/26.5/Accelerate.swiftmodule/arm64e-apple-ios.swiftmodule /Applications/Xcode_26.6.app/Contents/Developer/Toolchains/XcodeDefault.xctoolchain/usr/lib/swift/iphoneos/prebuilt-modules/26.5/FileProvider.swiftmodule/arm64e-apple-ios.swiftmodule /Applications/Xcode_26.6.app/Contents/Developer/Toolchains/XcodeDefault.xctoolchain/usr/lib/swift/iphoneos/prebuilt-modules/26.5/SwiftUICore.swiftmodule/arm64e-apple-ios.swiftmodule /Applications/Xcode_26.6.app/Contents/Developer/Toolchains/XcodeDefault.xctoolchain/usr/lib/swift/iphoneos/prebuilt-modules/26.5/CoreMotion.swiftmodule/arm64e-apple-ios.swiftmodule /Applications/Xcode_26.6.app/Contents/Developer/Toolchains/XcodeDefault.xctoolchain/usr/lib/swift/iphoneos/prebuilt-modules/26.5/CoreAudio.swiftmodule/arm64e-apple-ios.swiftmodule /Applications/Xcode_26.6.app/Contents/Developer/Toolchains/XcodeDefault.xctoolchain/usr/lib/swift/iphoneos/prebuilt-modules/26.5/Swift.swiftmodule/arm64e-apple-ios.swiftmodule /Applications/Xcode_26.6.app/Contents/Developer/Toolchains/XcodeDefault.xctoolchain/usr/lib/swift/iphoneos/prebuilt-modules/26.5/AVFAudio.swiftmodule/arm64e-apple-ios.swiftmodule /Applications/Xcode_26.6.app/Contents/Developer/Toolchains/XcodeDefault.xctoolchain/usr/lib/swift/iphoneos/prebuilt-modules/26.5/MediaAccessibility.swiftmodule/arm64e-apple-ios.swiftmodule /Applications/Xcode_26.6.app/Contents/Developer/Toolchains/XcodeDefault.xctoolchain/usr/lib/swift/iphoneos/prebuilt-modules/26.5/_DarwinFoundation2.swiftmodule/arm64e-apple-ios.swiftmodule /Applications/Xcode_26.6.app/Contents/Developer/Toolchains/XcodeDefault.xctoolchain/usr/lib/swift/iphoneos/prebuilt-modules/26.5/Synchronization.swiftmodule/arm64e-apple-ios.swiftmodule /Applications/Xcode_26.6.app/Contents/Developer/Toolchains/XcodeDefault.xctoolchain/usr/lib/swift/iphoneos/prebuilt-modules/26.5/CoreMedia.swiftmodule/arm64e-apple-ios.swiftmodule /Applications/Xcode_26.6.app/Contents/Developer/Toolchains/XcodeDefault.xctoolchain/usr/lib/swift/iphoneos/prebuilt-modules/26.5/Combine.swiftmodule/arm64e-apple-ios.swiftmodule /Applications/Xcode_26.6.app/Contents/Developer/Toolchains/XcodeDefault.xctoolchain/usr/lib/swift/iphoneos/prebuilt-modules/26.5/_Concurrency.swiftmodule/arm64e-apple-ios.swiftmodule /Applications/Xcode_26.6.app/Contents/Developer/Toolchains/XcodeDefault.xctoolchain/usr/lib/swift/iphoneos/prebuilt-modules/26.5/SwiftUI.swiftmodule/arm64e-apple-ios.swiftmodule /Applications/Xcode_26.6.app/Contents/Developer/Toolchains/XcodeDefault.xctoolchain/usr/lib/swift/iphoneos/prebuilt-modules/26.5/CoreImage.swiftmodule/arm64e-apple-ios.swiftmodule /Applications/Xcode_26.6.app/Contents/Developer/Toolchains/XcodeDefault.xctoolchain/usr/lib/swift/iphoneos/prebuilt-modules/26.5/CoreML.swiftmodule/arm64e-apple-ios.swiftmodule /Applications/Xcode_26.6.app/Contents/Developer/Toolchains/XcodeDefault.xctoolchain/usr/lib/swift/iphoneos/prebuilt-modules/26.5/Dispatch.swiftmodule/arm64e-apple-ios.swiftmodule /Applications/Xcode_26.6.app/Contents/Developer/Toolchains/XcodeDefault.xctoolchain/usr/lib/swift/iphoneos/prebuilt-modules/26.5/CoreData.swiftmodule/arm64e-apple-ios.swiftmodule /Applications/Xcode_26.6.app/Contents/Developer/Toolchains/XcodeDefault.xctoolchain/usr/lib/swift/iphoneos/prebuilt-modules/26.5/_DarwinFoundation3.swiftmodule/arm64e-apple-ios.swiftmodule /Applications/Xcode_26.6.app/Contents/Developer/Toolchains/XcodeDefault.xctoolchain/usr/lib/swift/iphoneos/prebuilt-modules/26.5/_StringProcessing.swiftmodule/arm64e-apple-ios.swiftmodule /Applications/Xcode_26.6.app/Contents/Developer/Toolchains/XcodeDefault.xctoolchain/usr/lib/swift/iphoneos/prebuilt-modules/26.5/Network.swiftmodule/arm64e-apple-ios.swiftmodule /Applications/Xcode_26.6.app/Contents/Developer/Toolchains/XcodeDefault.xctoolchain/usr/lib/swift/iphoneos/prebuilt-modules/26.5/CoreTransferable.swiftmodule/arm64e-apple-ios.swiftmodule /Applications/Xcode_26.6.app/Contents/Developer/Toolchains/XcodeDefault.xctoolchain/usr/lib/swift/iphoneos/prebuilt-modules/26.5/ModelIO.swiftmodule/arm64e-apple-ios.swiftmodule /Applications/Xcode_26.6.app/Contents/Developer/Toolchains/XcodeDefault.xctoolchain/usr/lib/swift/iphoneos/prebuilt-modules/26.5/simd.swiftmodule/arm64e-apple-ios.swiftmodule /Applications/Xcode_26.6.app/Contents/Developer/Toolchains/XcodeDefault.xctoolchain/usr/lib/swift/iphoneos/prebuilt-modules/26.5/os.swiftmodule/arm64e-apple-ios.swiftmodule /Applications/Xcode_26.6.app/Contents/Developer/Toolchains/XcodeDefault.xctoolchain/usr/lib/swift/iphoneos/prebuilt-modules/26.5/QuartzCore.swiftmodule/arm64e-apple-ios.swiftmodule /Applications/Xcode_26.6.app/Contents/Developer/Toolchains/XcodeDefault.xctoolchain/usr/lib/swift/iphoneos/prebuilt-modules/26.5/CoreFoundation.swiftmodule/arm64e-apple-ios.swiftmodule /Applications/Xcode_26.6.app/Contents/Developer/Toolchains/XcodeDefault.xctoolchain/usr/lib/swift/iphoneos/prebuilt-modules/26.5/Spatial.swiftmodule/arm64e-apple-ios.swiftmodule /Applications/Xcode_26.6.app/Contents/Developer/Toolchains/XcodeDefault.xctoolchain/usr/lib/swift/iphoneos/prebuilt-modules/26.5/UIKit.swiftmodule/arm64e-apple-ios.swiftmodule /Applications/Xcode_26.6.app/Contents/Developer/Toolchains/XcodeDefault.xctoolchain/usr/lib/swift/iphoneos/prebuilt-modules/26.5/CoreVideo.swiftmodule/arm64e-apple-ios.swiftmodule /Applications/Xcode_26.6.app/Contents/Developer/Toolchains/XcodeDefault.xctoolchain/usr/lib/swift/iphoneos/prebuilt-modules/26.5/CoreGraphics.swiftmodule/arm64e-apple-ios.swiftmodule /Applications/Xcode_26.6.app/Contents/Developer/Toolchains/XcodeDefault.xctoolchain/usr/lib/swift/iphoneos/prebuilt-modules/26.5/CoreMIDI.swiftmodule/arm64e-apple-ios.swiftmodule /Applications/Xcode_26.6.app/Contents/Developer/Toolchains/XcodeDefault.xctoolchain/usr/lib/swift/iphoneos/prebuilt-modules/26.5/Observation.swiftmodule/arm64e-apple-ios.swiftmodule /Applications/Xcode_26.6.app/Contents/Developer/Toolchains/XcodeDefault.xctoolchain/usr/lib/swift/iphoneos/prebuilt-modules/26.5/ObjectiveC.swiftmodule/arm64e-apple-ios.swiftmodule /Applications/Xcode_26.6.app/Contents/Developer/Toolchains/XcodeDefault.xctoolchain/usr/lib/swift/iphoneos/prebuilt-modules/26.5/Vision.swiftmodule/arm64e-apple-ios.swiftmodule /Applications/Xcode_26.6.app/Contents/Developer/Toolchains/XcodeDefault.xctoolchain/usr/lib/swift/iphoneos/prebuilt-modules/26.5/_DarwinFoundation1.swiftmodule/arm64e-apple-ios.swiftmodule /Applications/Xcode_26.6.app/Contents/Developer/Toolchains/XcodeDefault.xctoolchain/usr/lib/swift/iphoneos/prebuilt-modules/26.5/AudioToolbox.swiftmodule/arm64e-apple-ios.swiftmodule /Applications/Xcode_26.6.app/Contents/Developer/Toolchains/XcodeDefault.xctoolchain/usr/lib/swift/iphoneos/prebuilt-modules/26.5/System.swiftmodule/arm64e-apple-ios.swiftmodule /Applications/Xcode_26.6.app/Contents/Developer/Toolchains/XcodeDefault.xctoolchain/usr/lib/swift/iphoneos/prebuilt-modules/26.5/Accessibility.swiftmodule/arm64e-apple-ios.swiftmodule /Applications/Xcode_26.6.app/Contents/Developer/Toolchains/XcodeDefault.xctoolchain/usr/lib/swift/iphoneos/prebuilt-modules/26.5/Distributed.swiftmodule/arm64e-apple-ios.swiftmodule /Applications/Xcode_26.6.app/Contents/Developer/Toolchains/XcodeDefault.xctoolchain/usr/lib/swift/iphoneos/prebuilt-modules/26.5/MetalKit.swiftmodule/arm64e-apple-ios.swiftmodule /Applications/Xcode_26.6.app/Contents/Developer/Toolchains/XcodeDefault.xctoolchain/usr/lib/swift/iphoneos/prebuilt-modules/26.5/UniformTypeIdentifiers.swiftmodule/arm64e-apple-ios.swiftmodule /Applications/Xcode_26.6.app/Contents/Developer/Toolchains/XcodeDefault.xctoolchain/usr/lib/swift/iphoneos/prebuilt-modules/26.5/_AVKit_SwiftUI.swiftmodule/arm64e-apple-ios.swiftmodule /Applications/Xcode_26.6.app/Contents/Developer/Toolchains/XcodeDefault.xctoolchain/usr/lib/swift/iphoneos/prebuilt-modules/26.5/OSLog.swiftmodule/arm64e-apple-ios.swiftmodule /Applications/Xcode_26.6.app/Contents/Developer/Toolchains/XcodeDefault.xctoolchain/usr/lib/swift/iphoneos/prebuilt-modules/26.5/Metal.swiftmodule/arm64e-apple-ios.swiftmodule /Applications/Xcode_26.6.app/Contents/Developer/Toolchains/XcodeDefault.xctoolchain/usr/lib/swift/iphoneos/prebuilt-modules/26.5/CoreLocation.swiftmodule/arm64e-apple-ios.swiftmodule /Applications/Xcode_26.6.app/Contents/Developer/Toolchains/XcodeDefault.xctoolchain/usr/lib/swift/iphoneos/prebuilt-modules/26.5/Symbols.swiftmodule/arm64e-apple-ios.swiftmodule /Applications/Xcode_26.6.app/Contents/Developer/Toolchains/XcodeDefault.xctoolchain/usr/lib/swift/iphoneos/prebuilt-modules/26.5/XPC.swiftmodule/arm64e-apple-ios.swiftmodule /Applications/Xcode_26.6.app/Contents/Developer/Toolchains/XcodeDefault.xctoolchain/usr/lib/swift/iphoneos/prebuilt-modules/26.5/_Builtin_float.swiftmodule/arm64e-apple-ios.swiftmodule /Applications/Xcode_26.6.app/Contents/Developer/Toolchains/XcodeDefault.xctoolchain/usr/lib/swift/iphoneos/prebuilt-modules/26.5/Foundation.swiftmodule/arm64e-apple-ios.swiftmodule /Applications/Xcode_26.6.app/Contents/Developer/Toolchains/XcodeDefault.xctoolchain/usr/lib/swift/iphoneos/prebuilt-modules/26.5/AVKit.swiftmodule/arm64e-apple-ios.swiftmodule /Applications/Xcode_26.6.app/Contents/Developer/Toolchains/XcodeDefault.xctoolchain/usr/lib/swift/iphoneos/prebuilt-modules/26.5/TipKit.swiftmodule/arm64e-apple-ios.swiftmodule /Applications/Xcode_26.6.app/Contents/Developer/Toolchains/XcodeDefault.xctoolchain/usr/lib/swift/iphoneos/prebuilt-modules/26.5/AVFoundation.swiftmodule/arm64e-apple-ios.swiftmodule /Applications/Xcode_26.6.app/Contents/Developer/Toolchains/XcodeDefault.xctoolchain/usr/lib/swift/iphoneos/prebuilt-modules/26.5/CoreText.swiftmodule/arm64e-apple-ios.swiftmodule /Applications/Xcode_26.6.app/Contents/Developer/Toolchains/XcodeDefault.xctoolchain/usr/lib/swift/iphoneos/prebuilt-modules/26.5/DataDetection.swiftmodule/arm64e-apple-ios.swiftmodule /Applications/Xcode_26.6.app/Contents/Developer/Toolchains/XcodeDefault.xctoolchain/usr/lib/swift/iphoneos/prebuilt-modules/26.5/DeveloperToolsSupport.swiftmodule/arm64e-apple-ios.swiftmodule /Users/runner/Library/Developer/Xcode/DerivedData/ModuleCache.noindex/AVRouting-8A7VPDRVCYEKXELY0B5Z02OB1.pcm /Users/runner/Library/Developer/Xcode/DerivedData/ModuleCache.noindex/Accelerate-53GJIFO1XW9TZVGDALCVR12QG.pcm /Users/runner/Library/Developer/Xcode/DerivedData/ModuleCache.noindex/CoreGraphics-1G5052L8UUCYJ9W6QLENAXY9U.pcm /Users/runner/Library/Developer/Xcode/DerivedData/ModuleCache.noindex/DataDetection-D4KJ1S9E4WLZ9667PTN5AXI9K.pcm /Users/runner/Library/Developer/Xcode/DerivedData/ModuleCache.noindex/os-1REBWOFRQ4PBO7QOUF0V31OPU.pcm /Users/runner/Library/Developer/Xcode/DerivedData/ModuleCache.noindex/ptrauth-DABL4NITE6FI9XGP0U5ICP5U7.pcm /Users/runner/Library/Developer/Xcode/DerivedData/ModuleCache.noindex/CoreData-3FH3JHVLSCG105NRLU6T3RF4G.pcm /Users/runner/Library/Developer/Xcode/DerivedData/ModuleCache.noindex/OpenGLES-457SP2TZA6UHDMTKTCX1NW350.pcm /Users/runner/Library/Developer/Xcode/DerivedData/ModuleCache.noindex/ModelIO-3JT00ISA8AVXKE5TAEGDCHFQZ.pcm /Users/runner/Library/Developer/Xcode/DerivedData/ModuleCache.noindex/CoreAudioTypes-5091PY7IMGYC8NT1C1RFMX3LB.pcm /Users/runner/Library/Developer/Xcode/DerivedData/ModuleCache.noindex/XPC-4PB7SR0PM1G3Z1V4ERK8LTRR6.pcm /Users/runner/Library/Developer/Xcode/DerivedData/ModuleCache.noindex/_AvailabilityInternal-D134KYCM5B7H7LEX0UZ8E87OC.pcm /Users/runner/Library/Developer/Xcode/DerivedData/ModuleCache.noindex/MediaAccessibility-1WJSP0FQ0A9711635G2E6KSWO.pcm /Users/runner/Library/Developer/Xcode/DerivedData/ModuleCache.noindex/_SwiftConcurrencyShims-11WQO0U6NUPEG5KX0XIBPK7HV.pcm /Users/runner/Library/Developer/Xcode/DerivedData/ModuleCache.noindex/Vision-I52KXI28XFRQ3VAZ88SF2P9U.pcm /Users/runner/Library/Developer/Xcode/DerivedData/ModuleCache.noindex/_Builtin_stdatomic-9060L4NKPD5ER5I6FJ57E8WVA.pcm /Users/runner/Library/Developer/Xcode/DerivedData/ModuleCache.noindex/ptrcheck-F4E3AJ5OSHOZ9IBB2GP04PWWI.pcm /Users/runner/Library/Developer/Xcode/DerivedData/ModuleCache.noindex/_Builtin_stdint-1IVO0O4NH45TV1AYF52FCLU39.pcm /Users/runner/Library/Developer/Xcode/DerivedData/ModuleCache.noindex/OSLog-DKEX056QW3YCNCO6DBH0EAM0E.pcm /Users/runner/Library/Developer/Xcode/DerivedData/ModuleCache.noindex/CoreTransferable-AAQIWS8UG8MGA4ZNEWBZ2W2IY.pcm /Users/runner/Library/Developer/Xcode/DerivedData/ModuleCache.noindex/Symbols-3Z96XHQKJOEPY4CGQ63YIUGXQ.pcm /Users/runner/Library/Developer/Xcode/DerivedData/ModuleCache.noindex/_Builtin_float-2YO6PSBAHJ04WO49MXMPSPE2E.pcm /Users/runner/Library/Developer/Xcode/DerivedData/ModuleCache.noindex/_DarwinFoundation2-CHABC5SS8N2OTC0RLF1PF00IL.pcm /Users/runner/Library/Developer/Xcode/DerivedData/ModuleCache.noindex/_Builtin_stdbool-F2JDNPQEX6SQ9OSYLY30YZQUK.pcm /Users/runner/Library/Developer/Xcode/DerivedData/ModuleCache.noindex/AVFAudio-CSYOL09ZBXMJ2ZW59SFCL27VU.pcm /Users/runner/Library/Developer/Xcode/DerivedData/ModuleCache.noindex/Spatial-66ZFZVSPF6NR4DI3VRZP5OD1H.pcm /Users/runner/Library/Developer/Xcode/DerivedData/ModuleCache.noindex/Accessibility-ZCOQIL8YWBFQ0TLBXFB2N57I.pcm /Users/runner/Library/Developer/Xcode/DerivedData/ModuleCache.noindex/CoreText-7G27BMK29AJO8FLDTQX72AKIO.pcm /Users/runner/Library/Developer/Xcode/DerivedData/ModuleCache.noindex/_Builtin_limits-5XLAGNJNMUIA35MLR9224J96G.pcm /Users/runner/Library/Developer/Xcode/DerivedData/ModuleCache.noindex/ObjectiveC-UL57PEN9KLSC4RHLEIGY3HA.pcm /Users/runner/Library/Developer/Xcode/DerivedData/ModuleCache.noindex/AudioToolbox-9BX5ETP5XHFHO8GQSFBY0YW8F.pcm /Users/runner/Library/Developer/Xcode/DerivedData/ModuleCache.noindex/sys_types-6VUOHF7N0NSAAA8P9FPHKE8W6.pcm /Users/runner/Library/Developer/Xcode/DerivedData/ModuleCache.noindex/CoreVideo-BZMXU0P2Z8IQSJANCXSICOTKV.pcm /Users/runner/Library/Developer/Xcode/DerivedData/ModuleCache.noindex/ImageIO-DO2T5X90PE8HDHJGTWQBWNA65.pcm /Users/runner/Library/Developer/Xcode/DerivedData/ModuleCache.noindex/UniformTypeIdentifiers-5SQL832U5YS5P4OFS71ZU71ZH.pcm /Users/runner/Library/Developer/Xcode/DerivedData/ModuleCache.noindex/Foundation-1X62Q4Y5CFD79X7DK8WGN1XR7.pcm /Users/runner/Library/Developer/Xcode/DerivedData/ModuleCache.noindex/CoreMIDI-AFW9RQCL2DDOC9NBGR4X2CM3L.pcm /Users/runner/Library/Developer/Xcode/DerivedData/ModuleCache.noindex/dnssd-AB1MJ0IHS4AY4FMB9VINDZFNL.pcm /Users/runner/Library/Developer/Xcode/DerivedData/ModuleCache.noindex/_Builtin_tgmath-54R3DMFU6DS0GI3Z1X2FGPB20.pcm /Users/runner/Library/Developer/Xcode/DerivedData/ModuleCache.noindex/os_workgroup-32Z9ZWHZO4UN3G5VTRHGO9J2G.pcm /Users/runner/Library/Developer/Xcode/DerivedData/ModuleCache.noindex/AVFoundation-5RU42VNQQ16GF3204OWCSH0KV.pcm /Users/runner/Library/Developer/Xcode/DerivedData/ModuleCache.noindex/Darwin-D9UWKS8G5A983R1DJ4W24YSKP.pcm /Users/runner/Library/Developer/Xcode/DerivedData/ModuleCache.noindex/_DarwinFoundation3-DT13DYQO20ZPMHDX5CDK95E4D.pcm /Users/runner/Library/Developer/Xcode/DerivedData/ModuleCache.noindex/FileProvider-2IGH0JAASCWFWTHH3HQB16NAT.pcm /Users/runner/Library/Developer/Xcode/DerivedData/ModuleCache.noindex/_DarwinFoundation1-AVQP07R3FLQDOZLLLTSBQE6KZ.pcm /Users/runner/Library/Developer/Xcode/DerivedData/ModuleCache.noindex/Security-CIWSTZAS0BOTYSHUXXOWYSEX5.pcm /Users/runner/Library/Developer/Xcode/DerivedData/ModuleCache.noindex/CoreFoundation-AJVBJNWJLXSNXAG6CFR83HFOF.pcm /Users/runner/Library/Developer/Xcode/DerivedData/ModuleCache.noindex/CoreMedia-2OM5WMGJE0UL49LUGXPRUYR0Y.pcm /Users/runner/Library/Developer/Xcode/DerivedData/ModuleCache.noindex/MachO-B6RJ1U22Q2HMP7YR9Z0P7VQ0Z.pcm /Users/runner/Library/Developer/Xcode/DerivedData/ModuleCache.noindex/simd-CLUOIJ1OU38JUV8Q94GRO1JFW.pcm /Users/runner/Library/Developer/Xcode/DerivedData/ModuleCache.noindex/MetalKit-CNF3L7RYVC14YWN2DKJJ2VGJG.pcm /Users/runner/Library/Developer/Xcode/DerivedData/ModuleCache.noindex/CFNetwork-4AKTMCE1W2AF00ZV9XZ8XN8BU.pcm /Users/runner/Library/Developer/Xcode/DerivedData/ModuleCache.noindex/DeveloperToolsSupport-EMHRDK0O1ZXXZII2U7HYGBAAB.pcm /Users/runner/Library/Developer/Xcode/DerivedData/ModuleCache.noindex/_LocationEssentials-4RV1VJZLSCT2RO6Q45E9WTAA8.pcm /Users/runner/Library/Developer/Xcode/DerivedData/ModuleCache.noindex/CoreAudio-9F3BZEY70EDS7DFFGE41U1W6R.pcm /Users/runner/Library/Developer/Xcode/DerivedData/ModuleCache.noindex/UIUtilities-68BP72D2ARRWVKR5ND13PTZHD.pcm /Users/runner/Library/Developer/Xcode/DerivedData/ModuleCache.noindex/_Builtin_stddef-DM9FIK1TI14UIQLTPTSDRJRH8.pcm /Users/runner/Library/Developer/Xcode/DerivedData/ModuleCache.noindex/os_object-E4IBKKHD0T0YBYBJLG4YXIM1L.pcm /Users/runner/Library/Developer/Xcode/DerivedData/ModuleCache.noindex/CoreImage-27LC9VRXJDFZFMFSKO9E5CY0O.pcm /Users/runner/Library/Developer/Xcode/DerivedData/ModuleCache.noindex/UIKit-EXU98BO9TKBKUJMALVDROIG6.pcm /Users/runner/Library/Developer/Xcode/DerivedData/ModuleCache.noindex/SwiftShims-72SLMYIIT0DF0R4G8CULVMIGB.pcm /Users/runner/Library/Developer/Xcode/DerivedData/ModuleCache.noindex/Metal-DNRDTVJ2K7CPTS3LY6NISTWHE.pcm /Users/runner/Library/Developer/Xcode/DerivedData/ModuleCache.noindex/_Builtin_inttypes-AMA2B4Y7QBKPABLXFSRFWCL9N.pcm /Users/runner/Library/Developer/Xcode/DerivedData/ModuleCache.noindex/IOSurface-5JX3VCZ80M38F2Z6PCGNGZCAT.pcm /Users/runner/Library/Developer/Xcode/DerivedData/ModuleCache.noindex/CoreLocation-1U52FIMZVPGQCI81SNWX8D199.pcm /Users/runner/Library/Developer/Xcode/DerivedData/ModuleCache.noindex/Dispatch-9CU9L6AJGABEPEK1MML5WOJEH.pcm /Users/runner/Library/Developer/Xcode/DerivedData/ModuleCache.noindex/Network-CV64AECI38K2LZC189XU1XATE.pcm /Users/runner/Library/Developer/Xcode/DerivedData/ModuleCache.noindex/_Builtin_stdarg-AWNHK52NN9LOBSP9B3ES6N4JP.pcm /Users/runner/Library/Developer/Xcode/DerivedData/ModuleCache.noindex/CoreMotion-BPRJNT9WN1IBBCVB9SSPNNWYO.pcm /Users/runner/Library/Developer/Xcode/DerivedData/ModuleCache.noindex/SwiftUICore-9DIEMH4Z9T64AGJB2R6KD3EOR.pcm /Users/runner/Library/Developer/Xcode/DerivedData/ModuleCache.noindex/AVKit-J02MD86SA65W17NW83ERW083.pcm /Users/runner/Library/Developer/Xcode/DerivedData/ModuleCache.noindex/_Builtin_intrinsics-99O65VBQ24FR6L5LL9JW9AR1W.pcm /Users/runner/Library/Developer/Xcode/DerivedData/ModuleCache.noindex/SwiftUI-6B305YEGM6ZJ1GCRJMNGN14J6.pcm /Users/runner/Library/Developer/Xcode/DerivedData/ModuleCache.noindex/CoreML-1BV3PAPP2C4TUQZ9LVAZ15V5Z.pcm /Users/runner/Library/Developer/Xcode/DerivedData/ModuleCache.noindex/UserNotifications-9XZE59KS9YG29GOP295XNSED9.pcm /Users/runner/Library/Developer/Xcode/DerivedData/ModuleCache.noindex/QuartzCore-566Q57FTIWBTHFMCCY09MABDC.pcm /Users/runner/Library/Developer/Xcode/DerivedData/ModuleCache.noindex/MediaToolbox-CWVXBCEYDTK4E9ZA9BRY2217Z.pcm /Users/runner/Library/Developer/Xcode/DerivedData/FilmMeter-arjxhmqgczlacvdawintoisuufie/Build/Intermediates.noindex/ArchiveIntermediates/FilmMeter/IntermediateBuildFilesPath/FilmMeter.build/Release-iphoneos/FilmMeter.build/Objects-normal/arm64/FilmMeter-dependencies-1.json (in target 'FilmMeter' from project 'FilmMeter')
Failed frontend command:
/Applications/Xcode_26.6.app/Contents/Developer/Toolchains/XcodeDefault.xctoolchain/usr/bin/swift-frontend -frontend -c /Users/runner/work/film-meter/film-meter/FilmMeter/UI/AdvisorView.swift /Users/runner/work/film-meter/film-meter/FilmMeter/App/AppModel.swift /Users/runner/work/film-meter/film-meter/FilmMeter/Camera/CameraController.swift /Users/runner/work/film-meter/film-meter/FilmMeter/Camera/CaptureControls.swift /Users/runner/work/film-meter/film-meter/FilmMeter/Film/ColorMath.swift /Users/runner/work/film-meter/film-meter/FilmMeter/UI/Components.swift /Users/runner/work/film-meter/film-meter/FilmMeter/UI/ContentView.swift /Users/runner/work/film-meter/film-meter/FilmMeter/UI/ControlPanel.swift /Users/runner/work/film-meter/film-meter/FilmMeter/Core/DepthOfField.swift /Users/runner/work/film-meter/film-meter/FilmMeter/Core/ExposureMath.swift /Users/runner/work/film-meter/film-meter/FilmMeter/Model/Film.swift /Users/runner/work/film-meter/film-meter/FilmMeter/App/FilmMeterApp.swift /Users/runner/work/film-meter/film-meter/FilmMeter/Film/FilmPipeline.swift /Users/runner/work/film-meter/film-meter/FilmMeter/Camera/FrameAnalyzer.swift /Users/runner/work/film-meter/film-meter/FilmMeter/Model/Gear.swift /Users/runner/work/film-meter/film-meter/FilmMeter/UI/GearView.swift /Users/runner/work/film-meter/film-meter/FilmMeter/Render/Grain.swift /Users/runner/work/film-meter/film-meter/FilmMeter/Render/LiveProcessor.swift /Users/runner/work/film-meter/film-meter/FilmMeter/Render/LiveRenderer.swift /Users/runner/work/film-meter/film-meter/FilmMeter/App/LockedSession.swift /Users/runner/work/film-meter/film-meter/FilmMeter/UI/LockedView.swift /Users/runner/work/film-meter/film-meter/FilmMeter/Film/LookTables.swift /Users/runner/work/film-meter/film-meter/FilmMeter/Metering/Meter.swift /Users/runner/work/film-meter/film-meter/FilmMeter/Camera/MotionLocation.swift /Users/runner/work/film-meter/film-meter/FilmMeter/Model/Rolls.swift /Users/runner/work/film-meter/film-meter/FilmMeter/UI/RollsView.swift /Users/runner/work/film-meter/film-meter/FilmMeter/UI/SettingsView.swift /Users/runner/work/film-meter/film-meter/FilmMeter/Core/SkyPolarization.swift /Users/runner/work/film-meter/film-meter/FilmMeter/Render/Still.swift /Users/runner/work/film-meter/film-meter/FilmMeter/Storage/Store.swift /Users/runner/work/film-meter/film-meter/FilmMeter/Core/SunPosition.swift /Users/runner/work/film-meter/film-meter/FilmMeter/UI/ViewfinderView.swift /Users/runner/Library/Developer/Xcode/DerivedData/FilmMeter-arjxhmqgczlacvdawintoisuufie/Build/Intermediates.noindex/ArchiveIntermediates/FilmMeter/IntermediateBuildFilesPath/FilmMeter.build/Release-iphoneos/FilmMeter.build/DerivedSources/GeneratedAssetSymbols.swift -supplementary-output-file-map /Users/runner/Library/Developer/Xcode/DerivedData/FilmMeter-arjxhmqgczlacvdawintoisuufie/Build/Intermediates.noindex/ArchiveIntermediates/FilmMeter/IntermediateBuildFilesPath/FilmMeter.build/Release-iphoneos/FilmMeter.build/Objects-normal/arm64/supplementaryOutputs-1 -target arm64-apple-ios18.0 -module-can-import-version DeveloperToolsSupport 23.40.26 23.40.26 -disable-cross-import-overlay-search -swift-module-cross-import AVKit /Applications/Xcode_26.6.app/Contents/Developer/Platforms/iPhoneOS.platform/Developer/SDKs/iPhoneOS.sdk/System/Library/Frameworks/AVKit.framework/Modules/AVKit.swiftcrossimport/SwiftUI.swiftoverlay -swift-module-cross-import AVKit /Applications/Xcode_26.6.app/Contents/Developer/Platforms/iPhoneOS.platform/Developer/SDKs/iPhoneOS26.5.sdk/System/Library/Frameworks/AVKit.framework/Modules/AVKit.swiftcrossimport/SwiftUI.swiftoverlay -load-resolved-plugin /Applications/Xcode_26.6.app/Contents/Developer/Platforms/iPhoneOS.platform/Developer/usr/lib/swift/host/plugins/libFoundationMacros.dylib\#/Applications/Xcode_26.6.app/Contents/Developer/Platforms/iPhoneOS.platform/Developer/usr/bin/swift-plugin-server\#FoundationMacros -load-resolved-plugin /Applications/Xcode_26.6.app/Contents/Developer/Platforms/iPhoneOS.platform/Developer/usr/lib/swift/host/plugins/libObservationMacros.dylib\#/Applications/Xcode_26.6.app/Contents/Developer/Platforms/iPhoneOS.platform/Developer/usr/bin/swift-plugin-server\#ObservationMacros -load-resolved-plugin /Applications/Xcode_26.6.app/Contents/Developer/Platforms/iPhoneOS.platform/Developer/usr/lib/swift/host/plugins/libPreviewsMacros.dylib\#/Applications/Xcode_26.6.app/Contents/Developer/Platforms/iPhoneOS.platform/Developer/usr/bin/swift-plugin-server\#PreviewsMacros -load-resolved-plugin /Applications/Xcode_26.6.app/Contents/Developer/Platforms/iPhoneOS.platform/Developer/usr/lib/swift/host/plugins/libSwiftMacros.dylib\#/Applications/Xcode_26.6.app/Contents/Developer/Platforms/iPhoneOS.platform/Developer/usr/bin/swift-plugin-server\#SwiftMacros -load-resolved-plugin /Applications/Xcode_26.6.app/Contents/Developer/Platforms/iPhoneOS.platform/Developer/usr/lib/swift/host/plugins/libSwiftUIMacros.dylib\#/Applications/Xcode_26.6.app/Contents/Developer/Platforms/iPhoneOS.platform/Developer/usr/bin/swift-plugin-server\#SwiftUIMacros -load-resolved-plugin /Applications/Xcode_26.6.app/Contents/Developer/Platforms/iPhoneOS.platform/Developer/usr/lib/swift/host/plugins/libTipKitMacros.dylib\#/Applications/Xcode_26.6.app/Contents/Developer/Platforms/iPhoneOS.platform/Developer/usr/bin/swift-plugin-server\#TipKitMacros -disable-implicit-swift-modules -Xcc -fno-implicit-modules -Xcc -fno-implicit-module-maps -explicit-swift-module-map-file /Users/runner/Library/Developer/Xcode/DerivedData/FilmMeter-arjxhmqgczlacvdawintoisuufie/Build/Intermediates.noindex/ArchiveIntermediates/FilmMeter/IntermediateBuildFilesPath/FilmMeter.build/Release-iphoneos/FilmMeter.build/Objects-normal/arm64/FilmMeter-dependencies-1.json -debug-module-path /Users/runner/Library/Developer/Xcode/DerivedData/FilmMeter-arjxhmqgczlacvdawintoisuufie/Build/Intermediates.noindex/ArchiveIntermediates/FilmMeter/IntermediateBuildFilesPath/FilmMeter.build/Release-iphoneos/FilmMeter.build/Objects-normal/arm64/FilmMeter.swiftmodule -Xllvm -aarch64-use-tbi -enable-objc-interop -stack-check -sdk /Applications/Xcode_26.6.app/Contents/Developer/Platforms/iPhoneOS.platform/Developer/SDKs/iPhoneOS26.5.sdk -I /Users/runner/Library/Developer/Xcode/DerivedData/FilmMeter-arjxhmqgczlacvdawintoisuufie/Build/Intermediates.noindex/ArchiveIntermediates/FilmMeter/BuildProductsPath/Release-iphoneos -F /Users/runner/Library/Developer/Xcode/DerivedData/FilmMeter-arjxhmqgczlacvdawintoisuufie/Build/Intermediates.noindex/ArchiveIntermediates/FilmMeter/BuildProductsPath/Release-iphoneos -no-color-diagnostics -Xcc -fno-color-diagnostics -g -debug-info-format\=dwarf -dwarf-version\=5 -module-cache-path /Users/runner/Library/Developer/Xcode/DerivedData/FilmMeter-arjxhmqgczlacvdawintoisuufie/Build/Intermediates.noindex/ArchiveIntermediates/FilmMeter/IntermediateBuildFilesPath/SwiftExplicitPrecompiledModules -swift-version 5 -O -serialize-debugging-options -const-gather-protocols-file /Users/runner/Library/Developer/Xcode/DerivedData/FilmMeter-arjxhmqgczlacvdawintoisuufie/Build/Intermediates.noindex/ArchiveIntermediates/FilmMeter/IntermediateBuildFilesPath/FilmMeter.build/Release-iphoneos/FilmMeter.build/Objects-normal/arm64/FilmMeter_const_extract_protocols.json -enable-experimental-feature DebugDescriptionMacro -enable-bare-slash-regex -empty-abi-descriptor -validate-clang-modules-once -clang-build-session-file /Users/runner/Library/Developer/Xcode/DerivedData/ModuleCache.noindex/Session.modulevalidation -Xcc -working-directory -Xcc /Users/runner/work/film-meter/film-meter -file-compilation-dir /Users/runner/work/film-meter/film-meter -Xcc -ivfsstatcache -Xcc /Users/runner/Library/Developer/Xcode/DerivedData/SDKStatCaches.noindex/iphoneos26.5-23F81a-688ef53f1462e2c8f657fdc38a81448fee66e23052a0157c865c76b268046726.sdkstatcache -Xcc -I/Users/runner/Library/Developer/Xcode/DerivedData/FilmMeter-arjxhmqgczlacvdawintoisuufie/Build/Intermediates.noindex/ArchiveIntermediates/FilmMeter/IntermediateBuildFilesPath/FilmMeter.build/Release-iphoneos/FilmMeter.build/swift-overrides.hmap -Xcc -iquote -Xcc /Users/runner/Library/Developer/Xcode/DerivedData/FilmMeter-arjxhmqgczlacvdawintoisuufie/Build/Intermediates.noindex/ArchiveIntermediates/FilmMeter/IntermediateBuildFilesPath/FilmMeter.build/Release-iphoneos/FilmMeter.build/FilmMeter-generated-files.hmap -Xcc -I/Users/runner/Library/Developer/Xcode/DerivedData/FilmMeter-arjxhmqgczlacvdawintoisuufie/Build/Intermediates.noindex/ArchiveIntermediates/FilmMeter/IntermediateBuildFilesPath/FilmMeter.build/Release-iphoneos/FilmMeter.build/FilmMeter-own-target-headers.hmap -Xcc -I/Users/runner/Library/Developer/Xcode/DerivedData/FilmMeter-arjxhmqgczlacvdawintoisuufie/Build/Intermediates.noindex/ArchiveIntermediates/FilmMeter/IntermediateBuildFilesPath/FilmMeter.build/Release-iphoneos/FilmMeter.build/FilmMeter-all-target-headers.hmap -Xcc -iquote -Xcc /Users/runner/Library/Developer/Xcode/DerivedData/FilmMeter-arjxhmqgczlacvdawintoisuufie/Build/Intermediates.noindex/ArchiveIntermediates/FilmMeter/IntermediateBuildFilesPath/FilmMeter.build/Release-iphoneos/FilmMeter.build/FilmMeter-project-headers.hmap -Xcc -I/Users/runner/Library/Developer/Xcode/DerivedData/FilmMeter-arjxhmqgczlacvdawintoisuufie/Build/Intermediates.noindex/ArchiveIntermediates/FilmMeter/BuildProductsPath/Release-iphoneos/include -Xcc -I/Users/runner/Library/Developer/Xcode/DerivedData/FilmMeter-arjxhmqgczlacvdawintoisuufie/Build/Intermediates.noindex/ArchiveIntermediates/FilmMeter/IntermediateBuildFilesPath/FilmMeter.build/Release-iphoneos/FilmMeter.build/DerivedSources-normal/arm64 -Xcc -I/Users/runner/Library/Developer/Xcode/DerivedData/FilmMeter-arjxhmqgczlacvdawintoisuufie/Build/Intermediates.noindex/ArchiveIntermediates/FilmMeter/IntermediateBuildFilesPath/FilmMeter.build/Release-iphoneos/FilmMeter.build/DerivedSources/arm64 -Xcc -I/Users/runner/Library/Developer/Xcode/DerivedData/FilmMeter-arjxhmqgczlacvdawintoisuufie/Build/Intermediates.noindex/ArchiveIntermediates/FilmMeter/IntermediateBuildFilesPath/FilmMeter.build/Release-iphoneos/FilmMeter.build/DerivedSources -no-auto-bridging-header-chaining -module-name FilmMeter -frontend-parseable-output -disable-clang-spi -clang-target arm64-apple-ios26.5 -target-sdk-version 26.5 -target-sdk-name iphoneos26.5 -in-process-plugin-server-path /Applications/Xcode_26.6.app/Contents/Developer/Toolchains/XcodeDefault.xctoolchain/usr/lib/swift/host/libSwiftInProcPluginServer.dylib -enable-default-cmo -num-threads 3 -o /Users/runner/Library/Developer/Xcode/DerivedData/FilmMeter-arjxhmqgczlacvdawintoisuufie/Build/Intermediates.noindex/ArchiveIntermediates/FilmMeter/IntermediateBuildFilesPath/FilmMeter.build/Release-iphoneos/FilmMeter.build/Objects-normal/arm64/AdvisorView.o -o /Users/runner/Library/Developer/Xcode/DerivedData/FilmMeter-arjxhmqgczlacvdawintoisuufie/Build/Intermediates.noindex/ArchiveIntermediates/FilmMeter/IntermediateBuildFilesPath/FilmMeter.build/Release-iphoneos/FilmMeter.build/Objects-normal/arm64/AppModel.o -o /Users/runner/Library/Developer/Xcode/DerivedData/FilmMeter-arjxhmqgczlacvdawintoisuufie/Build/Intermediates.noindex/ArchiveIntermediates/FilmMeter/IntermediateBuildFilesPath/FilmMeter.build/Release-iphoneos/FilmMeter.build/Objects-normal/arm64/CameraController.o -o /Users/runner/Library/Developer/Xcode/DerivedData/FilmMeter-arjxhmqgczlacvdawintoisuufie/Build/Intermediates.noindex/ArchiveIntermediates/FilmMeter/IntermediateBuildFilesPath/FilmMeter.build/Release-iphoneos/FilmMeter.build/Objects-normal/arm64/CaptureControls.o -o /Users/runner/Library/Developer/Xcode/DerivedData/FilmMeter-arjxhmqgczlacvdawintoisuufie/Build/Intermediates.noindex/ArchiveIntermediates/FilmMeter/IntermediateBuildFilesPath/FilmMeter.build/Release-iphoneos/FilmMeter.build/Objects-normal/arm64/ColorMath.o -o /Users/runner/Library/Developer/Xcode/DerivedData/FilmMeter-arjxhmqgczlacvdawintoisuufie/Build/Intermediates.noindex/ArchiveIntermediates/FilmMeter/IntermediateBuildFilesPath/FilmMeter.build/Release-iphoneos/FilmMeter.build/Objects-normal/arm64/Components.o -o /Users/runner/Library/Developer/Xcode/DerivedData/FilmMeter-arjxhmqgczlacvdawintoisuufie/Build/Intermediates.noindex/ArchiveIntermediates/FilmMeter/IntermediateBuildFilesPath/FilmMeter.build/Release-iphoneos/FilmMeter.build/Objects-normal/arm64/ContentView.o -o /Users/runner/Library/Developer/Xcode/DerivedData/FilmMeter-arjxhmqgczlacvdawintoisuufie/Build/Intermediates.noindex/ArchiveIntermediates/FilmMeter/IntermediateBuildFilesPath/FilmMeter.build/Release-iphoneos/FilmMeter.build/Objects-normal/arm64/ControlPanel.o -o /Users/runner/Library/Developer/Xcode/DerivedData/FilmMeter-arjxhmqgczlacvdawintoisuufie/Build/Intermediates.noindex/ArchiveIntermediates/FilmMeter/IntermediateBuildFilesPath/FilmMeter.build/Release-iphoneos/FilmMeter.build/Objects-normal/arm64/DepthOfField.o -o /Users/runner/Library/Developer/Xcode/DerivedData/FilmMeter-arjxhmqgczlacvdawintoisuufie/Build/Intermediates.noindex/ArchiveIntermediates/FilmMeter/IntermediateBuildFilesPath/FilmMeter.build/Release-iphoneos/FilmMeter.build/Objects-normal/arm64/ExposureMath.o -o /Users/runner/Library/Developer/Xcode/DerivedData/FilmMeter-arjxhmqgczlacvdawintoisuufie/Build/Intermediates.noindex/ArchiveIntermediates/FilmMeter/IntermediateBuildFilesPath/FilmMeter.build/Release-iphoneos/FilmMeter.build/Objects-normal/arm64/Film.o -o /Users/runner/Library/Developer/Xcode/DerivedData/FilmMeter-arjxhmqgczlacvdawintoisuufie/Build/Intermediates.noindex/ArchiveIntermediates/FilmMeter/IntermediateBuildFilesPath/FilmMeter.build/Release-iphoneos/FilmMeter.build/Objects-normal/arm64/FilmMeterApp.o -o /Users/runner/Library/Developer/Xcode/DerivedData/FilmMeter-arjxhmqgczlacvdawintoisuufie/Build/Intermediates.noindex/ArchiveIntermediates/FilmMeter/IntermediateBuildFilesPath/FilmMeter.build/Release-iphoneos/FilmMeter.build/Objects-normal/arm64/FilmPipeline.o -o /Users/runner/Library/Developer/Xcode/DerivedData/FilmMeter-arjxhmqgczlacvdawintoisuufie/Build/Intermediates.noindex/ArchiveIntermediates/FilmMeter/IntermediateBuildFilesPath/FilmMeter.build/Release-iphoneos/FilmMeter.build/Objects-normal/arm64/FrameAnalyzer.o -o /Users/runner/Library/Developer/Xcode/DerivedData/FilmMeter-arjxhmqgczlacvdawintoisuufie/Build/Intermediates.noindex/ArchiveIntermediates/FilmMeter/IntermediateBuildFilesPath/FilmMeter.build/Release-iphoneos/FilmMeter.build/Objects-normal/arm64/Gear.o -o /Users/runner/Library/Developer/Xcode/DerivedData/FilmMeter-arjxhmqgczlacvdawintoisuufie/Build/Intermediates.noindex/ArchiveIntermediates/FilmMeter/IntermediateBuildFilesPath/FilmMeter.build/Release-iphoneos/FilmMeter.build/Objects-normal/arm64/GearView.o -o /Users/runner/Library/Developer/Xcode/DerivedData/FilmMeter-arjxhmqgczlacvdawintoisuufie/Build/Intermediates.noindex/ArchiveIntermediates/FilmMeter/IntermediateBuildFilesPath/FilmMeter.build/Release-iphoneos/FilmMeter.build/Objects-normal/arm64/Grain.o -o /Users/runner/Library/Developer/Xcode/DerivedData/FilmMeter-arjxhmqgczlacvdawintoisuufie/Build/Intermediates.noindex/ArchiveIntermediates/FilmMeter/IntermediateBuildFilesPath/FilmMeter.build/Release-iphoneos/FilmMeter.build/Objects-normal/arm64/LiveProcessor.o -o /Users/runner/Library/Developer/Xcode/DerivedData/FilmMeter-arjxhmqgczlacvdawintoisuufie/Build/Intermediates.noindex/ArchiveIntermediates/FilmMeter/IntermediateBuildFilesPath/FilmMeter.build/Release-iphoneos/FilmMeter.build/Objects-normal/arm64/LiveRenderer.o -o /Users/runner/Library/Developer/Xcode/DerivedData/FilmMeter-arjxhmqgczlacvdawintoisuufie/Build/Intermediates.noindex/ArchiveIntermediates/FilmMeter/IntermediateBuildFilesPath/FilmMeter.build/Release-iphoneos/FilmMeter.build/Objects-normal/arm64/LockedSession.o -o /Users/runner/Library/Developer/Xcode/DerivedData/FilmMeter-arjxhmqgczlacvdawintoisuufie/Build/Intermediates.noindex/ArchiveIntermediates/FilmMeter/IntermediateBuildFilesPath/FilmMeter.build/Release-iphoneos/FilmMeter.build/Objects-normal/arm64/LockedView.o -o /Users/runner/Library/Developer/Xcode/DerivedData/FilmMeter-arjxhmqgczlacvdawintoisuufie/Build/Intermediates.noindex/ArchiveIntermediates/FilmMeter/IntermediateBuildFilesPath/FilmMeter.build/Release-iphoneos/FilmMeter.build/Objects-normal/arm64/LookTables.o -o /Users/runner/Library/Developer/Xcode/DerivedData/FilmMeter-arjxhmqgczlacvdawintoisuufie/Build/Intermediates.noindex/ArchiveIntermediates/FilmMeter/IntermediateBuildFilesPath/FilmMeter.build/Release-iphoneos/FilmMeter.build/Objects-normal/arm64/Meter.o -o /Users/runner/Library/Developer/Xcode/DerivedData/FilmMeter-arjxhmqgczlacvdawintoisuufie/Build/Intermediates.noindex/ArchiveIntermediates/FilmMeter/IntermediateBuildFilesPath/FilmMeter.build/Release-iphoneos/FilmMeter.build/Objects-normal/arm64/MotionLocation.o -o /Users/runner/Library/Developer/Xcode/DerivedData/FilmMeter-arjxhmqgczlacvdawintoisuufie/Build/Intermediates.noindex/ArchiveIntermediates/FilmMeter/IntermediateBuildFilesPath/FilmMeter.build/Release-iphoneos/FilmMeter.build/Objects-normal/arm64/Rolls.o -o /Users/runner/Library/Developer/Xcode/DerivedData/FilmMeter-arjxhmqgczlacvdawintoisuufie/Build/Intermediates.noindex/ArchiveIntermediates/FilmMeter/IntermediateBuildFilesPath/FilmMeter.build/Release-iphoneos/FilmMeter.build/Objects-normal/arm64/RollsView.o -o /Users/runner/Library/Developer/Xcode/DerivedData/FilmMeter-arjxhmqgczlacvdawintoisuufie/Build/Intermediates.noindex/ArchiveIntermediates/FilmMeter/IntermediateBuildFilesPath/FilmMeter.build/Release-iphoneos/FilmMeter.build/Objects-normal/arm64/SettingsView.o -o /Users/runner/Library/Developer/Xcode/DerivedData/FilmMeter-arjxhmqgczlacvdawintoisuufie/Build/Intermediates.noindex/ArchiveIntermediates/FilmMeter/IntermediateBuildFilesPath/FilmMeter.build/Release-iphoneos/FilmMeter.build/Objects-normal/arm64/SkyPolarization.o -o /Users/runner/Library/Developer/Xcode/DerivedData/FilmMeter-arjxhmqgczlacvdawintoisuufie/Build/Intermediates.noindex/ArchiveIntermediates/FilmMeter/IntermediateBuildFilesPath/FilmMeter.build/Release-iphoneos/FilmMeter.build/Objects-normal/arm64/Still.o -o /Users/runner/Library/Developer/Xcode/DerivedData/FilmMeter-arjxhmqgczlacvdawintoisuufie/Build/Intermediates.noindex/ArchiveIntermediates/FilmMeter/IntermediateBuildFilesPath/FilmMeter.build/Release-iphoneos/FilmMeter.build/Objects-normal/arm64/Store.o -o /Users/runner/Library/Developer/Xcode/DerivedData/FilmMeter-arjxhmqgczlacvdawintoisuufie/Build/Intermediates.noindex/ArchiveIntermediates/FilmMeter/IntermediateBuildFilesPath/FilmMeter.build/Release-iphoneos/FilmMeter.build/Objects-normal/arm64/SunPosition.o -o /Users/runner/Library/Developer/Xcode/DerivedData/FilmMeter-arjxhmqgczlacvdawintoisuufie/Build/Intermediates.noindex/ArchiveIntermediates/FilmMeter/IntermediateBuildFilesPath/FilmMeter.build/Release-iphoneos/FilmMeter.build/Objects-normal/arm64/ViewfinderView.o -o /Users/runner/Library/Developer/Xcode/DerivedData/FilmMeter-arjxhmqgczlacvdawintoisuufie/Build/Intermediates.noindex/ArchiveIntermediates/FilmMeter/IntermediateBuildFilesPath/FilmMeter.build/Release-iphoneos/FilmMeter.build/Objects-normal/arm64/GeneratedAssetSymbols.o -index-unit-output-path /FilmMeter.build/Release-iphoneos/FilmMeter.build/Objects-normal/arm64/AdvisorView.o -index-unit-output-path /FilmMeter.build/Release-iphoneos/FilmMeter.build/Objects-normal/arm64/AppModel.o -index-unit-output-path /FilmMeter.build/Release-iphoneos/FilmMeter.build/Objects-normal/arm64/CameraController.o -index-unit-output-path /FilmMeter.build/Release-iphoneos/FilmMeter.build/Objects-normal/arm64/CaptureControls.o -index-unit-output-path /FilmMeter.build/Release-iphoneos/FilmMeter.build/Objects-normal/arm64/ColorMath.o -index-unit-output-path /FilmMeter.build/Release-iphoneos/FilmMeter.build/Objects-normal/arm64/Components.o -index-unit-output-path /FilmMeter.build/Release-iphoneos/FilmMeter.build/Objects-normal/arm64/ContentView.o -index-unit-output-path /FilmMeter.build/Release-iphoneos/FilmMeter.build/Objects-normal/arm64/ControlPanel.o -index-unit-output-path /FilmMeter.build/Release-iphoneos/FilmMeter.build/Objects-normal/arm64/DepthOfField.o -index-unit-output-path /FilmMeter.build/Release-iphoneos/FilmMeter.build/Objects-normal/arm64/ExposureMath.o -index-unit-output-path /FilmMeter.build/Release-iphoneos/FilmMeter.build/Objects-normal/arm64/Film.o -index-unit-output-path /FilmMeter.build/Release-iphoneos/FilmMeter.build/Objects-normal/arm64/FilmMeterApp.o -index-unit-output-path /FilmMeter.build/Release-iphoneos/FilmMeter.build/Objects-normal/arm64/FilmPipeline.o -index-unit-output-path /FilmMeter.build/Release-iphoneos/FilmMeter.build/Objects-normal/arm64/FrameAnalyzer.o -index-unit-output-path /FilmMeter.build/Release-iphoneos/FilmMeter.build/Objects-normal/arm64/Gear.o -index-unit-output-path /FilmMeter.build/Release-iphoneos/FilmMeter.build/Objects-normal/arm64/GearView.o -index-unit-output-path /FilmMeter.build/Release-iphoneos/FilmMeter.build/Objects-normal/arm64/Grain.o -index-unit-output-path /FilmMeter.build/Release-iphoneos/FilmMeter.build/Objects-normal/arm64/LiveProcessor.o -index-unit-output-path /FilmMeter.build/Release-iphoneos/FilmMeter.build/Objects-normal/arm64/LiveRenderer.o -index-unit-output-path /FilmMeter.build/Release-iphoneos/FilmMeter.build/Objects-normal/arm64/LockedSession.o -index-unit-output-path /FilmMeter.build/Release-iphoneos/FilmMeter.build/Objects-normal/arm64/LockedView.o -index-unit-output-path /FilmMeter.build/Release-iphoneos/FilmMeter.build/Objects-normal/arm64/LookTables.o -index-unit-output-path /FilmMeter.build/Release-iphoneos/FilmMeter.build/Objects-normal/arm64/Meter.o -index-unit-output-path /FilmMeter.build/Release-iphoneos/FilmMeter.build/Objects-normal/arm64/MotionLocation.o -index-unit-output-path /FilmMeter.build/Release-iphoneos/FilmMeter.build/Objects-normal/arm64/Rolls.o -index-unit-output-path /FilmMeter.build/Release-iphoneos/FilmMeter.build/Objects-normal/arm64/RollsView.o -index-unit-output-path /FilmMeter.build/Release-iphoneos/FilmMeter.build/Objects-normal/arm64/SettingsView.o -index-unit-output-path /FilmMeter.build/Release-iphoneos/FilmMeter.build/Objects-normal/arm64/SkyPolarization.o -index-unit-output-path /FilmMeter.build/Release-iphoneos/FilmMeter.build/Objects-normal/arm64/Still.o -index-unit-output-path /FilmMeter.build/Release-iphoneos/FilmMeter.build/Objects-normal/arm64/Store.o -index-unit-output-path /FilmMeter.build/Release-iphoneos/FilmMeter.build/Objects-normal/arm64/SunPosition.o -index-unit-output-path /FilmMeter.build/Release-iphoneos/FilmMeter.build/Objects-normal/arm64/ViewfinderView.o -index-unit-output-path /FilmMeter.build/Release-iphoneos/FilmMeter.build/Objects-normal/arm64/GeneratedAssetSymbols.o

CompileSwift normal arm64 (in target 'FilmMeter' from project 'FilmMeter')
    cd /Users/runner/work/film-meter/film-meter
    
/Users/runner/work/film-meter/film-meter/FilmMeter/Camera/CameraController.swift:96:17: error: value of type 'AVCaptureSession' has no member 'automaticallyConfiguresCaptureDeviceWideColor'
        session.automaticallyConfiguresCaptureDeviceWideColor = false
        ~~~~~~~ ^~~~~~~~~~~~~~~~~~~~~~~~~~~~~~~~~~~~~~~~~~~~~

** ARCHIVE FAILED **


The following build commands failed:
	SwiftCompile normal arm64 Compiling\ AdvisorView.swift,\ AppModel.swift,\ CameraController.swift,\ CaptureControls.swift,\ ColorMath.swift,\ Components.swift,\ ContentView.swift,\ ControlPanel.swift,\ DepthOfField.swift,\ ExposureMath.swift,\ Film.swift,\ FilmMeterApp.swift,\ FilmPipeline.swift,\ FrameAnalyzer.swift,\ Gear.swift,\ GearView.swift,\ Grain.swift,\ LiveProcessor.swift,\ LiveRenderer.swift,\ LockedSession.swift,\ LockedView.swift,\ LookTables.swift,\ Meter.swift,\ MotionLocation.swift,\ Rolls.swift,\ RollsView.swift,\ SettingsView.swift,\ SkyPolarization.swift,\ Still.swift,\ Store.swift,\ SunPosition.swift,\ ViewfinderView.swift,\ GeneratedAssetSymbols.swift /Users/runner/work/film-meter/film-meter/FilmMeter/UI/AdvisorView.swift /Users/runner/work/film-meter/film-meter/FilmMeter/App/AppModel.swift /Users/runner/work/film-meter/film-meter/FilmMeter/Camera/CameraController.swift /Users/runner/work/film-meter/film-meter/FilmMeter/Camera/CaptureControls.swift /Users/runner/work/film-meter/film-meter/FilmMeter/Film/ColorMath.swift /Users/runner/work/film-meter/film-meter/FilmMeter/UI/Components.swift /Users/runner/work/film-meter/film-meter/FilmMeter/UI/ContentView.swift /Users/runner/work/film-meter/film-meter/FilmMeter/UI/ControlPanel.swift /Users/runner/work/film-meter/film-meter/FilmMeter/Core/DepthOfField.swift /Users/runner/work/film-meter/film-meter/FilmMeter/Core/ExposureMath.swift /Users/runner/work/film-meter/film-meter/FilmMeter/Model/Film.swift /Users/runner/work/film-meter/film-meter/FilmMeter/App/FilmMeterApp.swift /Users/runner/work/film-meter/film-meter/FilmMeter/Film/FilmPipeline.swift /Users/runner/work/film-meter/film-meter/FilmMeter/Camera/FrameAnalyzer.swift /Users/runner/work/film-meter/film-meter/FilmMeter/Model/Gear.swift /Users/runner/work/film-meter/film-meter/FilmMeter/UI/GearView.swift /Users/runner/work/film-meter/film-meter/FilmMeter/Render/Grain.swift /Users/runner/work/film-meter/film-meter/FilmMeter/Render/LiveProcessor.swift /Users/runner/work/film-meter/film-meter/FilmMeter/Render/LiveRenderer.swift /Users/runner/work/film-meter/film-meter/FilmMeter/App/LockedSession.swift /Users/runner/work/film-meter/film-meter/FilmMeter/UI/LockedView.swift /Users/runner/work/film-meter/film-meter/FilmMeter/Film/LookTables.swift /Users/runner/work/film-meter/film-meter/FilmMeter/Metering/Meter.swift /Users/runner/work/film-meter/film-meter/FilmMeter/Camera/MotionLocation.swift /Users/runner/work/film-meter/film-meter/FilmMeter/Model/Rolls.swift /Users/runner/work/film-meter/film-meter/FilmMeter/UI/RollsView.swift /Users/runner/work/film-meter/film-meter/FilmMeter/UI/SettingsView.swift /Users/runner/work/film-meter/film-meter/FilmMeter/Core/SkyPolarization.swift /Users/runner/work/film-meter/film-meter/FilmMeter/Render/Still.swift /Users/runner/work/film-meter/film-meter/FilmMeter/Storage/Store.swift /Users/runner/work/film-meter/film-meter/FilmMeter/Core/SunPosition.swift /Users/runner/work/film-meter/film-meter/FilmMeter/UI/ViewfinderView.swift /Users/runner/Library/Developer/Xcode/DerivedData/FilmMeter-arjxhmqgczlacvdawintoisuufie/Build/Intermediates.noindex/ArchiveIntermediates/FilmMeter/IntermediateBuildFilesPath/FilmMeter.build/Release-iphoneos/FilmMeter.build/DerivedSources/GeneratedAssetSymbols.swift /Applications/Xcode_26.6.app/Contents/Developer/Toolchains/XcodeDefault.xctoolchain/usr/lib/swift/iphoneos/prebuilt-modules/26.5/Darwin.swiftmodule/arm64e-apple-ios.swiftmodule /Applications/Xcode_26.6.app/Contents/Developer/Toolchains/XcodeDefault.xctoolchain/usr/lib/swift/iphoneos/prebuilt-modules/26.5/Accelerate.swiftmodule/arm64e-apple-ios.swiftmodule /Applications/Xcode_26.6.app/Contents/Developer/Toolchains/XcodeDefault.xctoolchain/usr/lib/swift/iphoneos/prebuilt-modules/26.5/FileProvider.swiftmodule/arm64e-apple-ios.swiftmodule /Applications/Xcode_26.6.app/Contents/Developer/Toolchains/XcodeDefault.xctoolchain/usr/lib/swift/iphoneos/prebuilt-modules/26.5/SwiftUICore.swiftmodule/arm64e-apple-ios.swiftmodule /Applications/Xcode_26.6.app/Contents/Developer/Toolchains/XcodeDefault.xctoolchain/usr/lib/swift/iphoneos/prebuilt-modules/26.5/CoreMotion.swiftmodule/arm64e-apple-ios.swiftmodule /Applications/Xcode_26.6.app/Contents/Developer/Toolchains/XcodeDefault.xctoolchain/usr/lib/swift/iphoneos/prebuilt-modules/26.5/CoreAudio.swiftmodule/arm64e-apple-ios.swiftmodule /Applications/Xcode_26.6.app/Contents/Developer/Toolchains/XcodeDefault.xctoolchain/usr/lib/swift/iphoneos/prebuilt-modules/26.5/Swift.swiftmodule/arm64e-apple-ios.swiftmodule /Applications/Xcode_26.6.app/Contents/Developer/Toolchains/XcodeDefault.xctoolchain/usr/lib/swift/iphoneos/prebuilt-modules/26.5/AVFAudio.swiftmodule/arm64e-apple-ios.swiftmodule /Applications/Xcode_26.6.app/Contents/Developer/Toolchains/XcodeDefault.xctoolchain/usr/lib/swift/iphoneos/prebuilt-modules/26.5/MediaAccessibility.swiftmodule/arm64e-apple-ios.swiftmodule /Applications/Xcode_26.6.app/Contents/Developer/Toolchains/XcodeDefault.xctoolchain/usr/lib/swift/iphoneos/prebuilt-modules/26.5/_DarwinFoundation2.swiftmodule/arm64e-apple-ios.swiftmodule /Applications/Xcode_26.6.app/Contents/Developer/Toolchains/XcodeDefault.xctoolchain/usr/lib/swift/iphoneos/prebuilt-modules/26.5/Synchronization.swiftmodule/arm64e-apple-ios.swiftmodule /Applications/Xcode_26.6.app/Contents/Developer/Toolchains/XcodeDefault.xctoolchain/usr/lib/swift/iphoneos/prebuilt-modules/26.5/CoreMedia.swiftmodule/arm64e-apple-ios.swiftmodule /Applications/Xcode_26.6.app/Contents/Developer/Toolchains/XcodeDefault.xctoolchain/usr/lib/swift/iphoneos/prebuilt-modules/26.5/Combine.swiftmodule/arm64e-apple-ios.swiftmodule /Applications/Xcode_26.6.app/Contents/Developer/Toolchains/XcodeDefault.xctoolchain/usr/lib/swift/iphoneos/prebuilt-modules/26.5/_Concurrency.swiftmodule/arm64e-apple-ios.swiftmodule /Applications/Xcode_26.6.app/Contents/Developer/Toolchains/XcodeDefault.xctoolchain/usr/lib/swift/iphoneos/prebuilt-modules/26.5/SwiftUI.swiftmodule/arm64e-apple-ios.swiftmodule /Applications/Xcode_26.6.app/Contents/Developer/Toolchains/XcodeDefault.xctoolchain/usr/lib/swift/iphoneos/prebuilt-modules/26.5/CoreImage.swiftmodule/arm64e-apple-ios.swiftmodule /Applications/Xcode_26.6.app/Contents/Developer/Toolchains/XcodeDefault.xctoolchain/usr/lib/swift/iphoneos/prebuilt-modules/26.5/CoreML.swiftmodule/arm64e-apple-ios.swiftmodule /Applications/Xcode_26.6.app/Contents/Developer/Toolchains/XcodeDefault.xctoolchain/usr/lib/swift/iphoneos/prebuilt-modules/26.5/Dispatch.swiftmodule/arm64e-apple-ios.swiftmodule /Applications/Xcode_26.6.app/Contents/Developer/Toolchains/XcodeDefault.xctoolchain/usr/lib/swift/iphoneos/prebuilt-modules/26.5/CoreData.swiftmodule/arm64e-apple-ios.swiftmodule /Applications/Xcode_26.6.app/Contents/Developer/Toolchains/XcodeDefault.xctoolchain/usr/lib/swift/iphoneos/prebuilt-modules/26.5/_DarwinFoundation3.swiftmodule/arm64e-apple-ios.swiftmodule /Applications/Xcode_26.6.app/Contents/Developer/Toolchains/XcodeDefault.xctoolchain/usr/lib/swift/iphoneos/prebuilt-modules/26.5/_StringProcessing.swiftmodule/arm64e-apple-ios.swiftmodule /Applications/Xcode_26.6.app/Contents/Developer/Toolchains/XcodeDefault.xctoolchain/usr/lib/swift/iphoneos/prebuilt-modules/26.5/Network.swiftmodule/arm64e-apple-ios.swiftmodule /Applications/Xcode_26.6.app/Contents/Developer/Toolchains/XcodeDefault.xctoolchain/usr/lib/swift/iphoneos/prebuilt-modules/26.5/CoreTransferable.swiftmodule/arm64e-apple-ios.swiftmodule /Applications/Xcode_26.6.app/Contents/Developer/Toolchains/XcodeDefault.xctoolchain/usr/lib/swift/iphoneos/prebuilt-modules/26.5/ModelIO.swiftmodule/arm64e-apple-ios.swiftmodule /Applications/Xcode_26.6.app/Contents/Developer/Toolchains/XcodeDefault.xctoolchain/usr/lib/swift/iphoneos/prebuilt-modules/26.5/simd.swiftmodule/arm64e-apple-ios.swiftmodule /Applications/Xcode_26.6.app/Contents/Developer/Toolchains/XcodeDefault.xctoolchain/usr/lib/swift/iphoneos/prebuilt-modules/26.5/os.swiftmodule/arm64e-apple-ios.swiftmodule /Applications/Xcode_26.6.app/Contents/Developer/Toolchains/XcodeDefault.xctoolchain/usr/lib/swift/iphoneos/prebuilt-modules/26.5/QuartzCore.swiftmodule/arm64e-apple-ios.swiftmodule /Applications/Xcode_26.6.app/Contents/Developer/Toolchains/XcodeDefault.xctoolchain/usr/lib/swift/iphoneos/prebuilt-modules/26.5/CoreFoundation.swiftmodule/arm64e-apple-ios.swiftmodule /Applications/Xcode_26.6.app/Contents/Developer/Toolchains/XcodeDefault.xctoolchain/usr/lib/swift/iphoneos/prebuilt-modules/26.5/Spatial.swiftmodule/arm64e-apple-ios.swiftmodule /Applications/Xcode_26.6.app/Contents/Developer/Toolchains/XcodeDefault.xctoolchain/usr/lib/swift/iphoneos/prebuilt-modules/26.5/UIKit.swiftmodule/arm64e-apple-ios.swiftmodule /Applications/Xcode_26.6.app/Contents/Developer/Toolchains/XcodeDefault.xctoolchain/usr/lib/swift/iphoneos/prebuilt-modules/26.5/CoreVideo.swiftmodule/arm64e-apple-ios.swiftmodule /Applications/Xcode_26.6.app/Contents/Developer/Toolchains/XcodeDefault.xctoolchain/usr/lib/swift/iphoneos/prebuilt-modules/26.5/CoreGraphics.swiftmodule/arm64e-apple-ios.swiftmodule /Applications/Xcode_26.6.app/Contents/Developer/Toolchains/XcodeDefault.xctoolchain/usr/lib/swift/iphoneos/prebuilt-modules/26.5/CoreMIDI.swiftmodule/arm64e-apple-ios.swiftmodule /Applications/Xcode_26.6.app/Contents/Developer/Toolchains/XcodeDefault.xctoolchain/usr/lib/swift/iphoneos/prebuilt-modules/26.5/Observation.swiftmodule/arm64e-apple-ios.swiftmodule /Applications/Xcode_26.6.app/Contents/Developer/Toolchains/XcodeDefault.xctoolchain/usr/lib/swift/iphoneos/prebuilt-modules/26.5/ObjectiveC.swiftmodule/arm64e-apple-ios.swiftmodule /Applications/Xcode_26.6.app/Contents/Developer/Toolchains/XcodeDefault.xctoolchain/usr/lib/swift/iphoneos/prebuilt-modules/26.5/Vision.swiftmodule/arm64e-apple-ios.swiftmodule /Applications/Xcode_26.6.app/Contents/Developer/Toolchains/XcodeDefault.xctoolchain/usr/lib/swift/iphoneos/prebuilt-modules/26.5/_DarwinFoundation1.swiftmodule/arm64e-apple-ios.swiftmodule /Applications/Xcode_26.6.app/Contents/Developer/Toolchains/XcodeDefault.xctoolchain/usr/lib/swift/iphoneos/prebuilt-modules/26.5/AudioToolbox.swiftmodule/arm64e-apple-ios.swiftmodule /Applications/Xcode_26.6.app/Contents/Developer/Toolchains/XcodeDefault.xctoolchain/usr/lib/swift/iphoneos/prebuilt-modules/26.5/System.swiftmodule/arm64e-apple-ios.swiftmodule /Applications/Xcode_26.6.app/Contents/Developer/Toolchains/XcodeDefault.xctoolchain/usr/lib/swift/iphoneos/prebuilt-modules/26.5/Accessibility.swiftmodule/arm64e-apple-ios.swiftmodule /Applications/Xcode_26.6.app/Contents/Developer/Toolchains/XcodeDefault.xctoolchain/usr/lib/swift/iphoneos/prebuilt-modules/26.5/Distributed.swiftmodule/arm64e-apple-ios.swiftmodule /Applications/Xcode_26.6.app/Contents/Developer/Toolchains/XcodeDefault.xctoolchain/usr/lib/swift/iphoneos/prebuilt-modules/26.5/MetalKit.swiftmodule/arm64e-apple-ios.swiftmodule /Applications/Xcode_26.6.app/Contents/Developer/Toolchains/XcodeDefault.xctoolchain/usr/lib/swift/iphoneos/prebuilt-modules/26.5/UniformTypeIdentifiers.swiftmodule/arm64e-apple-ios.swiftmodule /Applications/Xcode_26.6.app/Contents/Developer/Toolchains/XcodeDefault.xctoolchain/usr/lib/swift/iphoneos/prebuilt-modules/26.5/_AVKit_SwiftUI.swiftmodule/arm64e-apple-ios.swiftmodule /Applications/Xcode_26.6.app/Contents/Developer/Toolchains/XcodeDefault.xctoolchain/usr/lib/swift/iphoneos/prebuilt-modules/26.5/OSLog.swiftmodule/arm64e-apple-ios.swiftmodule /Applications/Xcode_26.6.app/Contents/Developer/Toolchains/XcodeDefault.xctoolchain/usr/lib/swift/iphoneos/prebuilt-modules/26.5/Metal.swiftmodule/arm64e-apple-ios.swiftmodule /Applications/Xcode_26.6.app/Contents/Developer/Toolchains/XcodeDefault.xctoolchain/usr/lib/swift/iphoneos/prebuilt-modules/26.5/CoreLocation.swiftmodule/arm64e-apple-ios.swiftmodule /Applications/Xcode_26.6.app/Contents/Developer/Toolchains/XcodeDefault.xctoolchain/usr/lib/swift/iphoneos/prebuilt-modules/26.5/Symbols.swiftmodule/arm64e-apple-ios.swiftmodule /Applications/Xcode_26.6.app/Contents/Developer/Toolchains/XcodeDefault.xctoolchain/usr/lib/swift/iphoneos/prebuilt-modules/26.5/XPC.swiftmodule/arm64e-apple-ios.swiftmodule /Applications/Xcode_26.6.app/Contents/Developer/Toolchains/XcodeDefault.xctoolchain/usr/lib/swift/iphoneos/prebuilt-modules/26.5/_Builtin_float.swiftmodule/arm64e-apple-ios.swiftmodule /Applications/Xcode_26.6.app/Contents/Developer/Toolchains/XcodeDefault.xctoolchain/usr/lib/swift/iphoneos/prebuilt-modules/26.5/Foundation.swiftmodule/arm64e-apple-ios.swiftmodule /Applications/Xcode_26.6.app/Contents/Developer/Toolchains/XcodeDefault.xctoolchain/usr/lib/swift/iphoneos/prebuilt-modules/26.5/AVKit.swiftmodule/arm64e-apple-ios.swiftmodule /Applications/Xcode_26.6.app/Contents/Developer/Toolchains/XcodeDefault.xctoolchain/usr/lib/swift/iphoneos/prebuilt-modules/26.5/TipKit.swiftmodule/arm64e-apple-ios.swiftmodule /Applications/Xcode_26.6.app/Contents/Developer/Toolchains/XcodeDefault.xctoolchain/usr/lib/swift/iphoneos/prebuilt-modules/26.5/AVFoundation.swiftmodule/arm64e-apple-ios.swiftmodule /Applications/Xcode_26.6.app/Contents/Developer/Toolchains/XcodeDefault.xctoolchain/usr/lib/swift/iphoneos/prebuilt-modules/26.5/CoreText.swiftmodule/arm64e-apple-ios.swiftmodule /Applications/Xcode_26.6.app/Contents/Developer/Toolchains/XcodeDefault.xctoolchain/usr/lib/swift/iphoneos/prebuilt-modules/26.5/DataDetection.swiftmodule/arm64e-apple-ios.swiftmodule /Applications/Xcode_26.6.app/Contents/Developer/Toolchains/XcodeDefault.xctoolchain/usr/lib/swift/iphoneos/prebuilt-modules/26.5/DeveloperToolsSupport.swiftmodule/arm64e-apple-ios.swiftmodule /Users/runner/Library/Developer/Xcode/DerivedData/ModuleCache.noindex/AVRouting-8A7VPDRVCYEKXELY0B5Z02OB1.pcm /Users/runner/Library/Developer/Xcode/DerivedData/ModuleCache.noindex/Accelerate-53GJIFO1XW9TZVGDALCVR12QG.pcm /Users/runner/Library/Developer/Xcode/DerivedData/ModuleCache.noindex/CoreGraphics-1G5052L8UUCYJ9W6QLENAXY9U.pcm /Users/runner/Library/Developer/Xcode/DerivedData/ModuleCache.noindex/DataDetection-D4KJ1S9E4WLZ9667PTN5AXI9K.pcm /Users/runner/Library/Developer/Xcode/DerivedData/ModuleCache.noindex/os-1REBWOFRQ4PBO7QOUF0V31OPU.pcm /Users/runner/Library/Developer/Xcode/DerivedData/ModuleCache.noindex/ptrauth-DABL4NITE6FI9XGP0U5ICP5U7.pcm /Users/runner/Library/Developer/Xcode/DerivedData/ModuleCache.noindex/CoreData-3FH3JHVLSCG105NRLU6T3RF4G.pcm /Users/runner/Library/Developer/Xcode/DerivedData/ModuleCache.noindex/OpenGLES-457SP2TZA6UHDMTKTCX1NW350.pcm /Users/runner/Library/Developer/Xcode/DerivedData/ModuleCache.noindex/ModelIO-3JT00ISA8AVXKE5TAEGDCHFQZ.pcm /Users/runner/Library/Developer/Xcode/DerivedData/ModuleCache.noindex/CoreAudioTypes-5091PY7IMGYC8NT1C1RFMX3LB.pcm /Users/runner/Library/Developer/Xcode/DerivedData/ModuleCache.noindex/XPC-4PB7SR0PM1G3Z1V4ERK8LTRR6.pcm /Users/runner/Library/Developer/Xcode/DerivedData/ModuleCache.noindex/_AvailabilityInternal-D134KYCM5B7H7LEX0UZ8E87OC.pcm /Users/runner/Library/Developer/Xcode/DerivedData/ModuleCache.noindex/MediaAccessibility-1WJSP0FQ0A9711635G2E6KSWO.pcm /Users/runner/Library/Developer/Xcode/DerivedData/ModuleCache.noindex/_SwiftConcurrencyShims-11WQO0U6NUPEG5KX0XIBPK7HV.pcm /Users/runner/Library/Developer/Xcode/DerivedData/ModuleCache.noindex/Vision-I52KXI28XFRQ3VAZ88SF2P9U.pcm /Users/runner/Library/Developer/Xcode/DerivedData/ModuleCache.noindex/_Builtin_stdatomic-9060L4NKPD5ER5I6FJ57E8WVA.pcm /Users/runner/Library/Developer/Xcode/DerivedData/ModuleCache.noindex/ptrcheck-F4E3AJ5OSHOZ9IBB2GP04PWWI.pcm /Users/runner/Library/Developer/Xcode/DerivedData/ModuleCache.noindex/_Builtin_stdint-1IVO0O4NH45TV1AYF52FCLU39.pcm /Users/runner/Library/Developer/Xcode/DerivedData/ModuleCache.noindex/OSLog-DKEX056QW3YCNCO6DBH0EAM0E.pcm /Users/runner/Library/Developer/Xcode/DerivedData/ModuleCache.noindex/CoreTransferable-AAQIWS8UG8MGA4ZNEWBZ2W2IY.pcm /Users/runner/Library/Developer/Xcode/DerivedData/ModuleCache.noindex/Symbols-3Z96XHQKJOEPY4CGQ63YIUGXQ.pcm /Users/runner/Library/Developer/Xcode/DerivedData/ModuleCache.noindex/_Builtin_float-2YO6PSBAHJ04WO49MXMPSPE2E.pcm /Users/runner/Library/Developer/Xcode/DerivedData/ModuleCache.noindex/_DarwinFoundation2-CHABC5SS8N2OTC0RLF1PF00IL.pcm /Users/runner/Library/Developer/Xcode/DerivedData/ModuleCache.noindex/_Builtin_stdbool-F2JDNPQEX6SQ9OSYLY30YZQUK.pcm /Users/runner/Library/Developer/Xcode/DerivedData/ModuleCache.noindex/AVFAudio-CSYOL09ZBXMJ2ZW59SFCL27VU.pcm /Users/runner/Library/Developer/Xcode/DerivedData/ModuleCache.noindex/Spatial-66ZFZVSPF6NR4DI3VRZP5OD1H.pcm /Users/runner/Library/Developer/Xcode/DerivedData/ModuleCache.noindex/Accessibility-ZCOQIL8YWBFQ0TLBXFB2N57I.pcm /Users/runner/Library/Developer/Xcode/DerivedData/ModuleCache.noindex/CoreText-7G27BMK29AJO8FLDTQX72AKIO.pcm /Users/runner/Library/Developer/Xcode/DerivedData/ModuleCache.noindex/_Builtin_limits-5XLAGNJNMUIA35MLR9224J96G.pcm /Users/runner/Library/Developer/Xcode/DerivedData/ModuleCache.noindex/ObjectiveC-UL57PEN9KLSC4RHLEIGY3HA.pcm /Users/runner/Library/Developer/Xcode/DerivedData/ModuleCache.noindex/AudioToolbox-9BX5ETP5XHFHO8GQSFBY0YW8F.pcm /Users/runner/Library/Developer/Xcode/DerivedData/ModuleCache.noindex/sys_types-6VUOHF7N0NSAAA8P9FPHKE8W6.pcm /Users/runner/Library/Developer/Xcode/DerivedData/ModuleCache.noindex/CoreVideo-BZMXU0P2Z8IQSJANCXSICOTKV.pcm /Users/runner/Library/Developer/Xcode/DerivedData/ModuleCache.noindex/ImageIO-DO2T5X90PE8HDHJGTWQBWNA65.pcm /Users/runner/Library/Developer/Xcode/DerivedData/ModuleCache.noindex/UniformTypeIdentifiers-5SQL832U5YS5P4OFS71ZU71ZH.pcm /Users/runner/Library/Developer/Xcode/DerivedData/ModuleCache.noindex/Foundation-1X62Q4Y5CFD79X7DK8WGN1XR7.pcm /Users/runner/Library/Developer/Xcode/DerivedData/ModuleCache.noindex/CoreMIDI-AFW9RQCL2DDOC9NBGR4X2CM3L.pcm /Users/runner/Library/Developer/Xcode/DerivedData/ModuleCache.noindex/dnssd-AB1MJ0IHS4AY4FMB9VINDZFNL.pcm /Users/runner/Library/Developer/Xcode/DerivedData/ModuleCache.noindex/_Builtin_tgmath-54R3DMFU6DS0GI3Z1X2FGPB20.pcm /Users/runner/Library/Developer/Xcode/DerivedData/ModuleCache.noindex/os_workgroup-32Z9ZWHZO4UN3G5VTRHGO9J2G.pcm /Users/runner/Library/Developer/Xcode/DerivedData/ModuleCache.noindex/AVFoundation-5RU42VNQQ16GF3204OWCSH0KV.pcm /Users/runner/Library/Developer/Xcode/DerivedData/ModuleCache.noindex/Darwin-D9UWKS8G5A983R1DJ4W24YSKP.pcm /Users/runner/Library/Developer/Xcode/DerivedData/ModuleCache.noindex/_DarwinFoundation3-DT13DYQO20ZPMHDX5CDK95E4D.pcm /Users/runner/Library/Developer/Xcode/DerivedData/ModuleCache.noindex/FileProvider-2IGH0JAASCWFWTHH3HQB16NAT.pcm /Users/runner/Library/Developer/Xcode/DerivedData/ModuleCache.noindex/_DarwinFoundation1-AVQP07R3FLQDOZLLLTSBQE6KZ.pcm /Users/runner/Library/Developer/Xcode/DerivedData/ModuleCache.noindex/Security-CIWSTZAS0BOTYSHUXXOWYSEX5.pcm /Users/runner/Library/Developer/Xcode/DerivedData/ModuleCache.noindex/CoreFoundation-AJVBJNWJLXSNXAG6CFR83HFOF.pcm /Users/runner/Library/Developer/Xcode/DerivedData/ModuleCache.noindex/CoreMedia-2OM5WMGJE0UL49LUGXPRUYR0Y.pcm /Users/runner/Library/Developer/Xcode/DerivedData/ModuleCache.noindex/MachO-B6RJ1U22Q2HMP7YR9Z0P7VQ0Z.pcm /Users/runner/Library/Developer/Xcode/DerivedData/ModuleCache.noindex/simd-CLUOIJ1OU38JUV8Q94GRO1JFW.pcm /Users/runner/Library/Developer/Xcode/DerivedData/ModuleCache.noindex/MetalKit-CNF3L7RYVC14YWN2DKJJ2VGJG.pcm /Users/runner/Library/Developer/Xcode/DerivedData/ModuleCache.noindex/CFNetwork-4AKTMCE1W2AF00ZV9XZ8XN8BU.pcm /Users/runner/Library/Developer/Xcode/DerivedData/ModuleCache.noindex/DeveloperToolsSupport-EMHRDK0O1ZXXZII2U7HYGBAAB.pcm /Users/runner/Library/Developer/Xcode/DerivedData/ModuleCache.noindex/_LocationEssentials-4RV1VJZLSCT2RO6Q45E9WTAA8.pcm /Users/runner/Library/Developer/Xcode/DerivedData/ModuleCache.noindex/CoreAudio-9F3BZEY70EDS7DFFGE41U1W6R.pcm /Users/runner/Library/Developer/Xcode/DerivedData/ModuleCache.noindex/UIUtilities-68BP72D2ARRWVKR5ND13PTZHD.pcm /Users/runner/Library/Developer/Xcode/DerivedData/ModuleCache.noindex/_Builtin_stddef-DM9FIK1TI14UIQLTPTSDRJRH8.pcm /Users/runner/Library/Developer/Xcode/DerivedData/ModuleCache.noindex/os_object-E4IBKKHD0T0YBYBJLG4YXIM1L.pcm /Users/runner/Library/Developer/Xcode/DerivedData/ModuleCache.noindex/CoreImage-27LC9VRXJDFZFMFSKO9E5CY0O.pcm /Users/runner/Library/Developer/Xcode/DerivedData/ModuleCache.noindex/UIKit-EXU98BO9TKBKUJMALVDROIG6.pcm /Users/runner/Library/Developer/Xcode/DerivedData/ModuleCache.noindex/SwiftShims-72SLMYIIT0DF0R4G8CULVMIGB.pcm /Users/runner/Library/Developer/Xcode/DerivedData/ModuleCache.noindex/Metal-DNRDTVJ2K7CPTS3LY6NISTWHE.pcm /Users/runner/Library/Developer/Xcode/DerivedData/ModuleCache.noindex/_Builtin_inttypes-AMA2B4Y7QBKPABLXFSRFWCL9N.pcm /Users/runner/Library/Developer/Xcode/DerivedData/ModuleCache.noindex/IOSurface-5JX3VCZ80M38F2Z6PCGNGZCAT.pcm /Users/runner/Library/Developer/Xcode/DerivedData/ModuleCache.noindex/CoreLocation-1U52FIMZVPGQCI81SNWX8D199.pcm /Users/runner/Library/Developer/Xcode/DerivedData/ModuleCache.noindex/Dispatch-9CU9L6AJGABEPEK1MML5WOJEH.pcm /Users/runner/Library/Developer/Xcode/DerivedData/ModuleCache.noindex/Network-CV64AECI38K2LZC189XU1XATE.pcm /Users/runner/Library/Developer/Xcode/DerivedData/ModuleCache.noindex/_Builtin_stdarg-AWNHK52NN9LOBSP9B3ES6N4JP.pcm /Users/runner/Library/Developer/Xcode/DerivedData/ModuleCache.noindex/CoreMotion-BPRJNT9WN1IBBCVB9SSPNNWYO.pcm /Users/runner/Library/Developer/Xcode/DerivedData/ModuleCache.noindex/SwiftUICore-9DIEMH4Z9T64AGJB2R6KD3EOR.pcm /Users/runner/Library/Developer/Xcode/DerivedData/ModuleCache.noindex/AVKit-J02MD86SA65W17NW83ERW083.pcm /Users/runner/Library/Developer/Xcode/DerivedData/ModuleCache.noindex/_Builtin_intrinsics-99O65VBQ24FR6L5LL9JW9AR1W.pcm /Users/runner/Library/Developer/Xcode/DerivedData/ModuleCache.noindex/SwiftUI-6B305YEGM6ZJ1GCRJMNGN14J6.pcm /Users/runner/Library/Developer/Xcode/DerivedData/ModuleCache.noindex/CoreML-1BV3PAPP2C4TUQZ9LVAZ15V5Z.pcm /Users/runner/Library/Developer/Xcode/DerivedData/ModuleCache.noindex/UserNotifications-9XZE59KS9YG29GOP295XNSED9.pcm /Users/runner/Library/Developer/Xcode/DerivedData/ModuleCache.noindex/QuartzCore-566Q57FTIWBTHFMCCY09MABDC.pcm /Users/runner/Library/Developer/Xcode/DerivedData/ModuleCache.noindex/MediaToolbox-CWVXBCEYDTK4E9ZA9BRY2217Z.pcm /Users/runner/Library/Developer/Xcode/DerivedData/FilmMeter-arjxhmqgczlacvdawintoisuufie/Build/Intermediates.noindex/ArchiveIntermediates/FilmMeter/IntermediateBuildFilesPath/FilmMeter.build/Release-iphoneos/FilmMeter.build/Objects-normal/arm64/FilmMeter-dependencies-1.json (in target 'FilmMeter' from project 'FilmMeter')
	CompileSwift normal arm64 (in target 'FilmMeter' from project 'FilmMeter')
	Archiving project FilmMeter with scheme FilmMeter
(3 failures)
